Workbook

Sheet ALL DOOR
A1: DOOR TAG | B1: BUILDINGN AREA | C1: ROOM NO. | D1: DOOR LOCATION | E1: INTERIOR/EXTERIOR | F1: QUANTITY | G1: WALL TYPE | H1: THROAT THICKNESS | I1: EXCLUDE REASON | J1: FIRE RATING | K1: LEAF COUNT | L1: DOOR TYPE | M1: DOOR WIDTH | N1: DOOR HEIGHT | O1: THICKNESS | P1: DOOR WIDTH (MM) | Q1: DOOR HEIGHT (MM) | R1: DOOR MATERIAL | S1: DOOR FINISH | T1: GLAZING TYPE | U1: FRAME TYPE | V1: FRAME MATERIAL | W1: FRAME FINISH | X1: HARDWARE SET | Y1: HW SET | Z1: HARDWARE PREP | AA1: HARDWARE ON DOOR | AB1: CARD READER | AC1: KEY PAD | AD1: AUTO OPERATOR | AE1: PRIVACY SET | AF1: KEYED LOCK | AG1: PUSH PLATE | AH1: ANTI- BARRICADE | AI1: KICK PLATE | AJ1: FRAME PROTECTION | AK1: DOOR CLOSER | AL1: COMMENTS
A2: 1109 | B2: LEVEL 01 | C2: 1109 | D2: CAFETERIA | E2: INTERIOR | F2: 1 | G2: *FP | H2: 4 3/4" | J2: 45 MIN. | K2: 2 | L2: C1 | M2: 2*3'-0" | N2: 7'-0" | O2: 1 3/4" | P2: 2*915 | Q2: 2135 | R2: HOLLOW METAL | S2: PT | T2: FIRE-RATED | U2: FR1 | V2: HM | W2: PT | X2: STOREROOM LOCKSET | Y2: AD09a | Z2: Continuous Hinge + Lock | AA2: HM | AB2: - | AC2: - | AD2: Y | AE2: - | AF2: Y | AG2: - | AH2: - | AI2: - | AJ2: - | AL2: FREE EGRESS AT ALL TIMES, NORTH DOOR LEAF INACTIVE WITH FLUSH BOLT AT THE HEAD
A3: 1111 | B3: LEVEL 01 | C3: 1111 | D3: FOOD SERVICES | E3: INTERIOR | F3: 1 | G3: P1.1 | H3: 4 7/8" | K3: 1 | L3: A1 | M3: 2'-8" | N3: 7'-0" | O3: 1 3/4" | P3: 810 | Q3: 2135 | R3: HOLLOW METAL | S3: PT | T3: - | U3: FR1 | V3: HM | W3: PT | X3: STOREROOM LOCKSET | Y3: SE02a.W | Z3: Hinges + Lock + Closer | AA3: HM
A4: 2701 | B4: LEVEL 02 | C4: 2701 | D4: CHECK-IN | E4: INTERIOR | F4: 1 | G4: P1.0 | H4: 4 7/8" | J4: - | K4: 1 | L4: A3 | M4: 3'-0" | N4: 7'-0" | O4: 1 3/4" | P4: 915 | Q4: 2135 | R4: WOOD, SOLIDE CORE | S4: PLAM | T4: TEMP/LAM | U4: FR1 | V4: HM | W4: PT | X4: STOREROOM LOCKSET | Y4: CA01 | Z4: Continuous HInge + Lock + Closer | AA4: WOOD | AB4: Y | AC4: - | AD4: - | AE4: - | AF4: - | AG4: - | AH4: - | AI4: - | AJ4: -
A5: 2701A | B5: LEVEL 02 | C5: 2701 | D5: CHECK-IN | E5: INTERIOR | F5: 1 | G5: P1.0 | H5: 4 7/8" | J5: - | K5: 1 | L5: A3 | M5: 3'-0" | N5: 7'-0" | O5: 1 3/4" | P5: 915 | Q5: 2135 | R5: WOOD, SOLIDE CORE | S5: PLAM | T5: TEMP/LAM | U5: FR1 | V5: HM | W5: PT | X5: STOREROOM LOCKSET | Y5: CA01 | Z5: Continuous HInge + Lock + Closer | AA5: WOOD | AB5: Y | AC5: - | AD5: - | AE5: - | AF5: - | AG5: - | AH5: - | AI5: - | AJ5: -
A6: 2704 | B6: LEVEL 02 | C6: 2704 | D6: WC - PUBLIC | E6: INTERIOR | F6: 1 | G6: P1.1 | H6: 4 7/8" | J6: - | K6: 1 | L6: A1 | M6: 3'-6" | N6: 7'-0" | O6: 1 3/4" | P6: 1070 | Q6: 2134 | R6: WOOD, SOLIDE CORE | S6: PLAM | T6: - | U6: FR2 | V6: HM | W6: PT | X6: STOREROOM LOCKSET | Y6: WE01a | Z6: Continuous Hinge + Lock | AA6: WOOD | AB6: - | AC6: - | AD6: Y | AE6: Y | AF6: - | AG6: - | AH6: Y | AI6: - | AJ6: -
A7: 2706 | B7: LEVEL 02 | C7: 2706 | D7: SECURITY BOOTH | E7: INTERIOR | F7: 1 | G7: P1.0 | H7: 4 7/8" | J7: - | K7: 1 | L7: A3 | M7: 3'-0" | N7: 7'-0" | O7: 1 3/4" | P7: 915 | Q7: 2135 | R7: WOOD, SOLIDE CORE | S7: PLAM | T7: TEMP/LAM | U7: FR1 | V7: HM | W7: PT | X7: STOREROOM LOCKSET | Y7: CA02 | Z7: Continuous HInge + Lock + Closer | AA7: WOOD | AB7: Y | AC7: - | AD7: - | AE7: - | AF7: - | AG7: - | AH7: - | AI7: - | AJ7: - | AL7: GLASS TO RECEIVE FILM: CASPER CLOAKING TECHNOLOGY FILM. SEE SPECIFICATIONS
A8: 2708 | B8: LEVEL 02 | C8: CORR-2708 | D8: CORRIDOR | E8: INTERIOR | F8: 1 | G8: P1.0 | H8: 4 7/8" | J8: - | K8: 2 | L8: C3 | M8: 2*3'-6" | N8: 7'-0" | O8: 1 3/4" | P8: 2*1068 | Q8: 2135 | R8: WOOD, SOLIDE CORE | S8: ACROVYN | T8: TEMP/LAM | U8: FR1 | V8: HM | W8: PT | X8: EXIT DEVICE | Y8: AD01b | Z8: Continuous Hinge + Exit Device | AA8: WOOD | AB8: Y | AC8: - | AD8: Y | AE8: - | AF8: - | AG8: - | AH8: - | AI8: - | AJ8: - | AL8: BUZZ ENTRY FROM CHECK-IN DESK
A9: 2714 | B9: LEVEL 02 | C9: 2714 | D9: CARE TEAM STATION | E9: INTERIOR | F9: 1 | G9: - | H9: - | J9: - | K9: 1 | L9: A7 | M9: 2'-8" | N9: 7'-0" | O9: 1 3/4" | P9: 813 | Q9: 2134 | R9: WOOD, SOLIDE CORE | S9: PLAM | T9: - | U9: FR5 | W9: PT | Y9: BD01 | Z9: Barn Door Kit + Lock + Flush Pull | AA9: WOOD | AB9: - | AC9: - | AD9: - | AE9: - | AF9: - | AG9: - | AH9: - | AI9: - | AJ9: -
A10: 2718 | B10: LEVEL 02 | C10: CORR-2718 | D10: CORRIDOR | E10: INTERIOR | F10: 1 | I10: Aluminum | J10: - | L10: C4 | M10: 2'-8" | N10: 7'-0" | P10: 2135 | Q10: 2135 | R10: AL | S10: ANOD | T10: TEMP/LAM | U10: FR1 | V10: AL | W10: ANOD | Y10: AD02a | AB10: - | AC10: - | AD10: Y | AE10: - | AF10: - | AG10: Y | AH10: - | AI10: - | AJ10: -
A11: 2720 | B11: LEVEL 02 | C11: 2720 | D11: VESTIBULE AMBULANCE | E11: EXTERIOR | F11: 1 | I11: Aluminum | J11: - | L11: C4 | M11: 3'-7" | N11: 7'-3" | P11: 2185 | Q11: 2160 | R11: AL | S11: ANOD | T11: TEMP/LAM | U11: - | V11: AL | W11: ANOD | Y11: AD03a | AB11: Y | AC11: Y | AD11: Y | AE11: - | AF11: - | AG11: - | AH11: - | AI11: - | AJ11: -
A12: 2721 | B12: LEVEL 02 | C12: 2721 | D12: EXAM 1 | E12: INTERIOR | F12: 1 | I12: Aluminum | J12: - | L12: D2 | M12: 3*2'-5" | N12: 7'-6" | P12: 2133 | Q12: 2279 | R12: AL | S12: ANOD | T12: TEMP/LAM | U12: FR1 | V12: AL | W12: ANOD | Y12: NOTE#2 | AB12: - | AC12: - | AD12: - | AE12: - | AF12: - | AG12: - | AH12: - | AI12: - | AJ12: - | AL12: ALL HARDWARE BY DOOR SUPPLIER. ANY REQUIRED CYLINDER TO MATCH CLIENT KEY SYSTEM.
A13: 2723 | B13: LEVEL 02 | C13: 2723 | D13: EXAM 2 | E13: INTERIOR | F13: 1 | I13: Aluminum | J13: - | L13: D2 | M13: 3*2'-5" | N13: 7'-6" | P13: 2133 | Q13: 2279 | R13: AL | S13: ANOD | T13: TEMP/LAM | U13: FR1 | V13: AL | W13: ANOD | Y13: NOTE#2 | AB13: - | AC13: - | AD13: - | AE13: - | AF13: - | AG13: - | AH13: - | AI13: - | AJ13: - | AL13: ALL HARDWARE BY DOOR SUPPLIER. ANY REQUIRED CYLINDER TO MATCH CLIENT KEY SYSTEM.
A14: 2725 | B14: LEVEL 02 | C14: 2725 | D14: EXAM 3 | E14: INTERIOR | F14: 1 | I14: Aluminum | J14: - | L14: D2 | M14: 3*2'-5" | N14: 7'-6" | P14: 2133 | Q14: 2279 | R14: AL | S14: ANOD | T14: TEMP/LAM | U14: FR1 | V14: AL | W14: ANOD | Y14: NOTE#2 | AB14: - | AC14: - | AD14: - | AE14: - | AF14: - | AG14: - | AH14: - | AI14: - | AJ14: - | AL14: ALL HARDWARE BY DOOR SUPPLIER. ANY REQUIRED CYLINDER TO MATCH CLIENT KEY SYSTEM.
A15: 2727 | B15: LEVEL 02 | C15: 2727 | D15: EXAM AIR | E15: INTERIOR | F15: 1 | G15: P2.0S | H15: 7 1/4" | J15: - | K15: 2 | L15: B3 | M15: 1'-4", 3'-6" | N15: 7'-0" | O15: 1 3/4" | P15: 404, 1071 | Q15: 2135 | R15: WOOD, SOLIDE CORE | S15: PLAM | T15: TEMP/LAM | U15: FR1 | V15: HM | W15: PT | Y15: PA01 | Z15: Continuous Hinge + Pull + Closer | AA15: WOOD | AB15: - | AC15: - | AD15: - | AE15: - | AF15: - | AG15: - | AH15: - | AI15: - | AJ15: -
A16: 2727A | B16: LEVEL 02 | C16: 2727A | D16: ANTEROOM | E16: INTERIOR | F16: 1 | G16: P2.0 | H16: 7 1/4" | J16: - | K16: 1 | L16: A2 | M16: 3'-0" | N16: 7'-0" | O16: 1 3/4" | P16: 915 | Q16: 2135 | R16: WOOD, SOLIDE CORE | S16: PLAM | T16: TEMP/LAM | U16: FR1 | V16: HM | W16: PT | X16: PASSAGE SET | Y16: AD07b | Z16: Continuous Hinge + Lock | AA16: WOOD | AB16: - | AC16: - | AD16: Y | AE16: - | AF16: - | AG16: - | AH16: - | AI16: - | AJ16: -
A17: 2727B | B17: LEVEL 02 | C17: 2727B | D17: ENSUITE | E17: INTERIOR | F17: 1 | G17: P2.0 | H17: 7 1/4" | J17: - | K17: 1 | L17: A1 | M17: 3'-6" | N17: 7'-0" | O17: 1 3/4" | P17: 1070 | Q17: 2134 | R17: WOOD, SOLIDE CORE | S17: PLAM | T17: - | U17: FR7 | V17: HM | W17: PT | X17: PASSAGE SET | Y17: WA01 | Z17: Continuous HInge + Lock | AA17: WOOD | AB17: - | AC17: - | AD17: - | AE17: - | AF17: - | AG17: - | AH17: Y | AI17: - | AJ17: - | AL17: NO HEADER FRAME (TO ALLOW PATIENT LIFT TRAVEL)
A18: 2727C | B18: LEVEL 02 | C18: 2727 | D18: EXAM AIR | E18: INTERIOR | F18: 1 | G18: P2.0 | H18: 7 1/4" | J18: - | K18: 1 | L18: A3 | M18: 3'-0" | N18: 7'-0" | O18: 1 3/4" | P18: 915 | Q18: 2135 | R18: WOOD, SOLIDE CORE | S18: PLAM | T18: TEMP/LAM | U18: FR1 | V18: HM | W18: PT | X18: PASSAGE SET | Y18: AD07b | Z18: Continuous Hinge + Lock | AA18: WOOD | AB18: - | AC18: - | AD18: Y | AE18: - | AF18: - | AG18: - | AH18: - | AI18: - | AJ18: -
A19: 2729 | B19: LEVEL 02 | C19: 2729 | D19: ANTEROOM | E19: INTERIOR | F19: 1 | G19: P2.0 | H19: 7 1/4" | J19: - | K19: 1 | L19: A2 | M19: 3'-0" | N19: 7'-0" | O19: 1 3/4" | P19: 915 | Q19: 2135 | R19: WOOD, SOLIDE CORE | S19: PLAM | T19: TEMP/LAM | U19: FR1 | V19: HM | W19: PT | X19: PASSAGE SET | Y19: AD07b | Z19: Continuous Hinge + Lock | AA19: WOOD | AB19: - | AC19: - | AD19: Y | AE19: - | AF19: - | AG19: - | AH19: - | AI19: - | AJ19: -
A20: 2731 | B20: LEVEL 02 | C20: 2731 | D20: RESUSCITATION ROOM | E20: INTERIOR | F20: 1 | I20: Aluminum | J20: - | L20: D3 | M20: 4*1'-10" | N20: 7'-8" | P20: 2700 | Q20: 2335 | R20: AL | S20: ANOD | T20: TEMP/LAM | U20: FR1 | V20: AL | W20: ANOD | Y20: NOTE#2 | AB20: - | AC20: - | AD20: Y | AE20: - | AF20: - | AG20: - | AH20: - | AI20: - | AJ20: - | AL20: ALL HARDWARE BY DOOR SUPPLIER. ANY REQUIRED CYLINDER TO MATCH CLIENT KEY SYSTEM.
A21: 2731A | B21: LEVEL 02 | C21: 2729 | D21: ANTEROOM | E21: INTERIOR | F21: 1 | G21: P2.0 | H21: 7 1/4" | J21: - | K21: 1 | L21: A3 | M21: 3'-0" | N21: 7'-0" | O21: 1 3/4" | P21: 915 | Q21: 2135 | R21: WOOD, SOLIDE CORE | S21: PLAM | T21: TEMP/LAM | U21: FR1 | V21: HM | W21: PT | X21: PASSAGE SET | Y21: AD07b | Z21: Continuous Hinge + Lock | AA21: WOOD | AB21: - | AC21: - | AD21: Y | AE21: - | AF21: - | AG21: - | AH21: - | AI21: - | AJ21: -
A22: 2733 | B22: LEVEL 02 | C22: 2733 | D22: MEDICATION | E22: INTERIOR | F22: 1 | G22: P1.0 | H22: 4 7/8" | J22: - | K22: 1 | L22: A3 | M22: 3'-6" | N22: 7'-0" | O22: 1 3/4" | P22: 1070 | Q22: 2135 | R22: WOOD, SOLIDE CORE | S22: PLAM | T22: TEMP/LAM | U22: FR1 | V22: HM | W22: PT | X22: STOREROOM LOCKSET | Y22: CA01.W | Z22: Continuous HInge + Lock + Closer | AA22: WOOD | AB22: Y | AC22: Y | AD22: - | AE22: - | AF22: - | AG22: - | AH22: - | AI22: Y | AJ22: -
A23: 2734 | B23: LEVEL 02 | C23: 2734 | D23: WC - STAFF | E23: INTERIOR | F23: 1 | G23: P2.2 | H23: 8 1/2" | J23: - | K23: 1 | L23: A1 | M23: 3'-0" | N23: 7'-0" | O23: 1 3/4" | P23: 915 | Q23: 2134 | R23: WOOD, SOLIDE CORE | S23: PLAM | T23: - | U23: FR2 | V23: HM | W23: PT | X23: PRIVACY LOCKSET | Y23: WA02 | Z23: Continuous Hinge + Lock | AA23: WOOD | AB23: - | AC23: - | AD23: - | AE23: Y | AF23: - | AG23: - | AH23: Y | AI23: - | AJ23: -
A24: 2740 | B24: LEVEL 02 | C24: CORR-2740 | D24: CORRIDOR | E24: INTERIOR | F24: 1 | G24: P2.0 | H24: 7 1/4" | J24: 90 MIN. | K24: 2 | L24: C2 | M24: 2*3'-6" | N24: 7'-0" | O24: 1 3/4" | P24: 2135 | Q24: 2135 | R24: HOLLOW METAL | S24: PT | T24: - | U24: FR6 | V24: HM | W24: PT | X24: EXIT DEVICE | Y24: AD05e | Z24: Continuous Hinge + Exit Device | AA24: HM | AB24: Y | AC24: - | AD24: Y | AE24: - | AF24: - | AG24: - | AH24: - | AI24: - | AJ24: - | AL24: FREE EGRESS VIA PANIC BAR - 15 SECONDS DELAYED EGRESS
A25: 2742 | B25: LEVEL 02 | C25: 2742 | D25: QUIET INTERVIEW ROOM | E25: INTERIOR | F25: 1 | G25: P2.0 | H25: 7 1/4" | J25: - | K25: 1 | L25: A2 | M25: 3'-0" | N25: 7'-0" | O25: 1 3/4" | P25: 915 | Q25: 2134 | R25: WOOD, SOLIDE CORE | S25: PLAM | T25: TEMP/LAM | U25: FR2 | V25: HM | W25: PT | X25: CLASSROOM LOCKSET | Y25: SE01 | Z25: Continuous Hinge + Lock | AA25: WOOD | AB25: - | AC25: - | AD25: - | AE25: - | AF25: - | AG25: - | AH25: Y | AI25: - | AJ25: -
A26: 2742A | B26: LEVEL 02 | C26: 2742 | D26: QUIET INTERVIEW ROOM | E26: INTERIOR | F26: 1 | G26: P2.0 | H26: 7 1/4" | J26: - | K26: 1 | L26: A2 | M26: 3'-0" | N26: 7'-0" | O26: 1 3/4" | P26: 915 | Q26: 2134 | R26: WOOD, SOLIDE CORE | S26: PLAM | T26: TEMP/LAM | U26: FR2 | V26: HM | W26: PT | X26: CLASSROOM LOCKSET | Y26: SE01 | Z26: Continuous Hinge + Lock | AA26: WOOD | AB26: - | AC26: - | AD26: - | AE26: - | AF26: - | AG26: - | AH26: Y | AI26: - | AJ26: -
A27: 2743 | B27: LEVEL 02 | C27: 2743 | D27: WC/SHOWER - PATIENT | E27: INTERIOR | F27: 1 | G27: P2.0 | H27: 7 1/4" | J27: - | K27: 1 | L27: A1 | M27: 3'-6" | N27: 7'-0" | O27: 1 3/4" | P27: 1070 | Q27: 2134 | R27: WOOD, SOLIDE CORE | S27: PLAM | T27: - | U27: FR2 | V27: HM | W27: PT | X27: STOREROOM LOCKSET | Y27: WE01a | Z27: Continuous Hinge + Lock | AA27: WOOD | AB27: - | AC27: - | AD27: Y | AE27: Y | AF27: - | AG27: - | AH27: Y | AI27: - | AJ27: -
A28: 2745 | B28: LEVEL 02 | C28: 2745 | D28: SOILED UTILITY | E28: INTERIOR | F28: 1 | G28: P2.0 | H28: 7 1/4" | J28: - | K28: 1 | L28: A3 | M28: 3'-0" | N28: 7'-0" | O28: 1 3/4" | P28: 915 | Q28: 2135 | R28: WOOD, SOLIDE CORE | S28: PLAM | T28: TEMP/LAM | U28: FR1 | V28: HM | W28: PT | X28: STOREROOM LOCKSET | Y28: CA01 | Z28: Continuous HInge + Lock + Closer | AA28: WOOD | AB28: Y | AC28: - | AD28: - | AE28: - | AF28: - | AG28: - | AH28: - | AI28: Y | AJ28: -
A29: 2746 | B29: LEVEL 02 | C29: 2746 | D29: EXAM 3.2 | E29: INTERIOR | F29: 1 | I29: Aluminum | J29: - | L29: D2 | M29: 3*2'-5" | N29: 7'-6" | P29: 2133 | Q29: 2279 | R29: AL | S29: ANOD | T29: TEMP/LAM | U29: FR1 | V29: AL | W29: ANOD | Y29: NOTE#2 | AB29: - | AC29: - | AD29: - | AE29: - | AF29: - | AG29: - | AH29: - | AI29: - | AJ29: - | AL29: ALL HARDWARE BY DOOR SUPPLIER. ANY REQUIRED CYLINDER TO MATCH CLIENT KEY SYSTEM.
A30: 2754 | B30: LEVEL 02 | C30: CORR-2754 | D30: CORRIDOR | E30: INTERIOR | F30: 1 | G30: P2.0 | H30: 7 1/4" | J30: - | K30: 2 | L30: C7 | M30: 2*3'-6" | N30: 7'-0" | O30: 1 3/4" | P30: 2135 | Q30: 2135 | R30: WOOD, SOLIDE CORE | S30: ACROVYN | T30: TEMP/LAM | U30: FR1 | V30: HM | W30: PT | X30: EXIT DEVICE | Y30: AD06a | Z30: Continuous Hinge + Exit Device | AA30: WOOD | AB30: Y | AC30: - | AD30: Y | AE30: - | AF30: - | AG30: - | AH30: - | AI30: - | AJ30: -
A31: 2756 | B31: LEVEL 02 | C31: 2756 | D31: WC STAFF | E31: INTERIOR | F31: 1 | G31: P1.0 | H31: 4 7/8" | J31: - | K31: 1 | L31: A1 | M31: 3'-0" | N31: 7'-0" | O31: 1 3/4" | P31: 915 | Q31: 2134 | R31: WOOD, SOLIDE CORE | S31: PLAM | T31: - | U31: FR2 | V31: HM | W31: PT | X31: PRIVACY LOCKSET | Y31: WA02 | Z31: Continuous Hinge + Lock | AA31: WOOD | AB31: - | AC31: - | AD31: - | AE31: Y | AF31: - | AG31: - | AH31: Y | AI31: - | AJ31: -
A32: 2758 | B32: LEVEL 02 | C32: 2758 | D32: HOUSEKEEPING | E32: INTERIOR | F32: 1 | G32: P2.0 | H32: 7 1/4" | J32: 0 HR | K32: 1 | L32: A2 | M32: 3'-0" | N32: 7'-0" | O32: 1 3/4" | P32: 915 | Q32: 2135 | R32: HOLLOW METAL | S32: PT | T32: TEMP/LAM | U32: FR1 | V32: HM | W32: PT | X32: STOREROOM LOCKSET | Y32: SE02a | Z32: Hinges + Lock + Closer | AA32: HM | AB32: - | AC32: - | AD32: - | AF32: Y | AG32: - | AH32: - | AI32: Y | AJ32: -
A33: 2762 | B33: LEVEL 02 | C33: 2762 | D33: WC PATIENT | E33: INTERIOR | F33: 1 | G33: P2.0 | H33: 7 1/4" | J33: - | K33: 1 | L33: A1 | M33: 3'-6" | N33: 7'-0" | O33: 1 3/4" | P33: 1070 | Q33: 2134 | R33: WOOD, SOLIDE CORE | S33: PLAM | T33: - | U33: FR2 | V33: HM | W33: PT | X33: STOREROOM LOCKSET | Y33: WE01a | Z33: Continuous Hinge + Lock | AA33: WOOD | AB33: - | AC33: - | AD33: Y | AE33: Y | AF33: - | AG33: - | AH33: Y | AI33: - | AJ33: -
A34: 2764 | B34: LEVEL 02 | C34: 2764 | D34: MEDICATION | E34: INTERIOR | F34: 1 | G34: P2.0 | H34: 7 1/4" | J34: - | K34: 1 | L34: A3 | M34: 3'-6" | N34: 7'-0" | O34: 1 3/4" | P34: 1070 | Q34: 2135 | R34: WOOD, SOLIDE CORE | S34: PLAM | T34: TEMP/LAM | U34: FR1 | V34: HM | W34: PT | X34: STOREROOM LOCKSET | Y34: CA01.W | Z34: Continuous HInge + Lock + Closer | AA34: WOOD | AB34: Y | AC34: Y | AD34: - | AE34: - | AF34: - | AG34: - | AH34: - | AI34: Y | AJ34: -
A35: 2767 | B35: LEVEL 02 | C35: 2767 | D35: LARGE EXAM ROOM | E35: INTERIOR | F35: 1 | G35: P2.0 | H35: 7 1/4" | J35: - | K35: 2 | L35: B1 | M35: 1'-0", 3'-6" | N35: 7'-0" | O35: 1 3/4" | P35: 1220 | Q35: 2135 | R35: WOOD, SOLIDE CORE | S35: PLAM | T35: - | U35: FR1 | V35: HM | W35: PT | X35: CLASSROOM LOCKSET | Y35: SE03 | Z35: Continuous Hinge + Lock | AA35: WOOD | AB35: - | AC35: - | AD35: - | AE35: - | AF35: - | AG35: - | AH35: - | AI35: - | AJ35: -
A36: 2768 | B36: LEVEL 02 | C36: CORR-2768 | D36: CORRIDOR | E36: INTERIOR | F36: 1 | G36: P2.0 | H36: 7 1/4" | J36: - | K36: 1 | L36: A2 | M36: 3'-6" | N36: 7'-0" | O36: 1 3/4" | P36: 1070 | Q36: 2135 | R36: WOOD, SOLIDE CORE | S36: ACROVYN | T36: TEMP/LAM | U36: FR1 | V36: HM | W36: PT | X36: ELECTROMECHANICAL LOCK | Y36: CA03 | Z36: Continuous Hinge + Electromechnical Lock | AA36: WOOD | AB36: Y | AC36: - | AD36: - | AE36: - | AF36: - | AG36: - | AH36: - | AI36: - | AJ36: -
A37: 2769 | B37: LEVEL 02 | C37: 2769 | D37: EXAM 2.2 | E37: INTERIOR | F37: 1 | I37: Aluminum | J37: - | L37: D2 | M37: 3*2'-5" | N37: 7'-6" | P37: 2133 | Q37: 2279 | R37: AL | S37: ANOD | T37: TEMP/LAM | U37: FR1 | V37: AL | W37: ANOD | Y37: NOTE#2 | AB37: - | AC37: - | AD37: - | AE37: - | AF37: - | AG37: - | AH37: - | AI37: - | AJ37: - | AL37: ALL HARDWARE BY DOOR SUPPLIER. ANY REQUIRED CYLINDER TO MATCH CLIENT KEY SYSTEM.
A38: 2771 | B38: LEVEL 02 | C38: 2771 | D38: EXAM 2.1 | E38: INTERIOR | F38: 1 | I38: Aluminum | J38: - | L38: D2 | M38: 3*2'-5" | N38: 7'-6" | P38: 2133 | Q38: 2279 | R38: AL | S38: ANOD | T38: TEMP/LAM | U38: FR1 | V38: AL | W38: ANOD | Y38: NOTE#2 | AB38: - | AC38: - | AD38: - | AE38: - | AF38: - | AG38: - | AH38: - | AI38: - | AJ38: - | AL38: ALL HARDWARE BY DOOR SUPPLIER. ANY REQUIRED CYLINDER TO MATCH CLIENT KEY SYSTEM.
A39: GATE-01 | B39: LEVEL 02 | E39: EXTERIOR | F39: 1 | I39: Fence Gate | L39: A6 | M39: 3'-8" | N39: 7'-6" | P39: 1156 | Q39: 2300 | T39: - | Y39: GA01 | AL39: CHAINLINK FENCE GATE TO AHU.
A40: E1109A | B40: LEVEL 01 | C40: 1109 | D40: CAFETERIA | E40: INTERIOR | F40: 1 | I40: Existing | J40: EXISTING | L40: EXISTING | R40: EXISTING | S40: EXISTING | W40: EXISTING | Y40: NOTE#1 | AB40: EXISTING | AD40: EXISTING | AF40: EXISTING | AI40: EXISTING | AK40: EXISTING | AL40: EXISTING HARDWARE TO REMAIN; NO CHANGE
A41: E1111A | B41: LEVEL 01 | C41: 1111 | D41: FOOD SERVICES | E41: INTERIOR | F41: 1 | I41: Existing | J41: EXISTING | L41: EXISTING | R41: EXISTING | S41: EXISTING | W41: EXISTING | Y41: NOTE#1 | AB41: EXISTING | AD41: EXISTING | AF41: EXISTING | AI41: EXISTING | AK41: EXISTING | AL41: EXISTING HARDWARE TO REMAIN; NO CHANGE
A42: E2700 | B42: LEVEL 02 | C42: 2700 | D42: VESTIBULE WALK-IN ENTRY | E42: EXTERIOR | F42: 1 | I42: Existing | J42: EXISTING | L42: EXISTING | R42: EXISTING | S42: EXISTING | W42: EXISTING | Y42: NOTE#1 | AB42: EXISTING | AD42: EXISTING | AF42: EXISTING | AI42: EXISTING | AK42: EXISTING | AL42: EXISTING HARDWARE TO REMAIN; NO CHANGE
A43: E2703 | B43: LEVEL 02 | C43: 2700 | D43: VESTIBULE WALK-IN ENTRY | E43: INTERIOR | F43: 1 | I43: Existing | J43: EXISTING | L43: EXISTING | R43: EXISTING | S43: EXISTING | W43: EXISTING | Y43: NOTE#1 | AB43: EXISTING | AD43: EXISTING | AF43: EXISTING | AI43: EXISTING | AK43: EXISTING | AL43: EXISTING HARDWARE TO REMAIN; NO CHANGE
A44: E2734A | B44: LEVEL 02 | C44: 2734A | D44: STORAGE | E44: INTERIOR | F44: 1 | I44: Existing | J44: EXISTING | L44: EXISTING | R44: EXISTING | S44: EXISTING | W44: EXISTING | Y44: SE05 | AB44: - | AD44: - | AF44: Y | AI44: EXISTING | AK44: -
A45: E2757 | B45: LEVEL 02 | C45: 2757 | D45: CLEAN SUPPLIES | E45: INTERIOR | F45: 1 | G45: P1.0 | H45: 4 7/8" | J45: - | K45: 1 | L45: A3 | M45: 3'-0" | N45: 7'-0" | O45: 1 3/4" | R45: WOOD, SOLIDE CORE | S45: PLAM | V45: Existing | W45: EXISTING | X45: STOREROOM LOCKSET | Y45: AD08b | Z45: Electric Hinge + Lock | AA45: WOOD | AB45: Y | AD45: Y | AF45: - | AI45: Y | AK45: - | AL45: EXISTING DOOR FRAME TO REMAIN, REPAIR/PATCH DAMAGES IN FRAMES; REPLACE DOOR PANEL WITH NEW PANEL
A46: E2759 | B46: LEVEL 02 | C46: 2759 | D46: EXISTING STAIR | E46: INTERIOR | F46: 1 | G46: P1.0 | H46: 4 7/8" | J46: 90 MIN. | K46: 1 | L46: A2 | M46: 3'-0" | N46: 7'-0" | O46: 1 3/4" | R46: HOLLOW METAL | S46: PT | V46: Existing | W46: EXISTING | Y46: SE04 | Z46: Closer | AA46: HM | AB46: - | AD46: - | AF46: EXISTING | AI46: Y | AK46: Y | AL46: EXISTING DOOR FRAME TO REMAIN, REPAIR/PATCH DAMAGES IN FRAMES FOR FIRE RATING; REPLACE DOOR PANEL WITH NEW PANEL
F47: =SUM(F2:F46) -> 45

Sheet HARDWARE
A1: HARDWARE
A3: HARDWARE BOM
A4: S/N | B4: Item | C4: Manufacturer | D4: Description | E4: Finish | F4: Total Qty | G4: Rate | H4: =A111 -> AD01b | K4: =A112 -> - | N4: =A113 -> - | Q4: =A114 -> AD05e | T4: =A115 -> AD06a | W4: =A116 -> AD07b | Z4: =A117 -> AD08b | AC4: =A118 -> AD09a | AF4: =A119 -> BD01 | AI4: =A120 -> CA01 | AL4: =A121 -> CA01.W | AO4: =A122 -> CA02 | AR4: =A123 -> CA03 | AU4: =A124 -> - | AX4: =A125 -> PA01 | BA4: =A126 -> SE01 | BD4: =A127 -> SE02a | BG4: =A128 -> SE02a.W | BJ4: =A129 -> SE03 | BM4: =A130 -> SE04 | BP4: =A131 -> - | BS4: =A132 -> WA01 | BV4: =A133 -> WA02 | BY4: =A134 -> WE01a | CB4: =A135 -> SE05 | CE4: =A136 -> 0 | CH4: =A137 -> 0 | CK4: =A138 -> 0 | CN4: =A139 -> 0 | CQ4: =A140 -> 0 | CT4: =A141 -> 0 | CW4: =A142 -> 0 | CZ4: =A143 -> 0 | DC4: =A144 -> 0 | DF4: =A145 -> 0 | DI4: =A146 -> 0 | DL4: =A147 -> 0 | DO4: =A148 -> 0 | DR4: =A149 -> 0 | DU4: =A150 -> 0 | DX4: =A151 -> 0 | EA4: =A152 -> 0 | ED4: =A153 -> 0 | EG4: =A154 -> 0 | EJ4: =A155 -> 0 | EM4: =A156 -> 0
H5: Qty | I5: Total Q | J5: Amount | K5: Qty | L5: Total Q | M5: Amount | N5: Qty | O5: Total Q | P5: Amount | Q5: Qty | R5: Total Q | S5: Amount | T5: Qty | U5: Total Q | V5: Amount | W5: Qty | X5: Total Q | Y5: Amount | Z5: Qty | AA5: Total Q | AB5: Amount | AC5: Qty | AD5: Total Q | AE5: Amount | AF5: Qty | AG5: Total Q | AH5: Amount | AI5: Qty | AJ5: Total Q | AK5: Amount | AL5: Qty | AM5: Total Q | AN5: Amount | AO5: Qty | AP5: Total Q | AQ5: Amount | AR5: Qty | AS5: Total Q | AT5: Amount | AU5: Qty | AV5: Total Q | AW5: Amount | AX5: Qty | AY5: Total Q | AZ5: Amount | BA5: Qty | BB5: Total Q | BC5: Amount | BD5: Qty | BE5: Total Q | BF5: Amount | BG5: Qty | BH5: Total Q | BI5: Amount | BJ5: Qty | BK5: Total Q | BL5: Amount | BM5: Qty | BN5: Total Q | BO5: Amount | BP5: Qty | BQ5: Total Q | BR5: Amount | BS5: Qty | BT5: Total Q | BU5: Amount | BV5: Qty | BW5: Total Q | BX5: Amount | BY5: Qty | BZ5: Total Q | CA5: Amount | CB5: Qty | CC5: Total Q | CD5: Amount | CE5: Qty | CF5: Total Q | CG5: Amount | CH5: Qty | CI5: Total Q | CJ5: Amount | CK5: Qty | CL5: Total Q | CM5: Amount | CN5: Qty | CO5: Total Q | CP5: Amount | CQ5: Qty | CR5: Total Q | CS5: Amount | CT5: Qty | CU5: Total Q | CV5: Amount | CW5: Qty | CX5: Total Q | CY5: Amount | CZ5: Qty | DA5: Total Q | DB5: Amount | DC5: Qty | DD5: Total Q | DE5: Amount | DF5: Qty | DG5: Total Q | DH5: Amount | DI5: Qty | DJ5: Total Q | DK5: Amount | DL5: Qty | DM5: Total Q | DN5: Amount | DO5: Qty | DP5: Total Q | DQ5: Amount | DR5: Qty | DS5: Total Q | DT5: Amount | DU5: Qty | DV5: Total Q | DW5: Amount | DX5: Qty | DY5: Total Q | DZ5: Amount | EA5: Qty | EB5: Total Q | EC5: Amount | ED5: Qty | EE5: Total Q | EF5: Amount | EG5: Qty | EH5: Total Q | EI5: Amount | EJ5: Qty | EK5: Total Q | EL5: Amount | EM5: Qty | EN5: Total Q | EO5: Amount
A6: 1 | B6: Continuous Hinge | C6: McKinney | D6: (83") FM-HD1-SER12 x length | E6: CA | F6: =SUM(I6,L6,O6,BN6,R6,U6,X6,AA6,BZ6,CC6,CF6,AD6,AG6,AJ6,AM6,AP6,AS6,AV6,AY6,BB6,BE6,BH6,BK6,BQ6,BT6,BW6,CI6,CL6,CO6,CR6,CU6,CX6,DA6,DD6,DG6,DJ6,DM6,DP6,DS6,DV6,DY6,EB6,EE6,EH6,EK6,EN6) -> 11 | H6: 2 | I6: =H6*$B$111 -> 2 | J6: =$G6*H6 -> 0 | L6: =K6*$B$112 -> 0 | M6: =$G6*K6 -> 0 | O6: =N6*$B$113 -> 0 | P6: =$G6*N6 -> 0 | Q6: 2 | R6: =Q6*$B$114 -> 2 | S6: =$G6*Q6 -> 0 | T6: 2 | U6: =T6*$B$115 -> 2 | V6: =$G6*T6 -> 0 | W6: 1 | X6: =W6*$B$116 -> 4 | Y6: =$G6*W6 -> 0 | AA6: =Z6*$B$117 -> 0 | AB6: =$G6*Z6 -> 0 | AC6: 1 | AD6: =AC6*$B$118 -> 1 | AE6: =$G6*AC6 -> 0 | AG6: =AF6*$B$119 -> 0 | AH6: =$G6*AF6 -> 0 | AJ6: =AI6*$B$120 -> 0 | AK6: =$G6*AI6 -> 0 | AM6: =AL6*$B$121 -> 0 | AN6: =$G6*AL6 -> 0 | AP6: =AO6*$B$122 -> 0 | AQ6: =$G6*AO6 -> 0 | AS6: =AR6*$B$123 -> 0 | AT6: =$G6*AR6 -> 0 | AV6: =AU6*$B$124 -> 0 | AW6: =$G6*AU6 -> 0 | AY6: =AX6*$B$125 -> 0 | AZ6: =$G6*AX6 -> 0 | BB6: =BA6*$B$126 -> 0 | BC6: =$G6*BA6 -> 0 | BE6: =BD6*$B$127 -> 0 | BF6: =$G6*BD6 -> 0 | BH6: =BG6*$B$128 -> 0 | BI6: =$G6*BG6 -> 0 | BK6: =BJ6*$B$129 -> 0 | BL6: =$G6*BJ6 -> 0 | BN6: =BM6*$B$130 -> 0 | BO6: =$G6*BM6 -> 0 | BQ6: =BP6*$B$131 -> 0 | BR6: =$G6*BP6 -> 0 | BT6: =BS6*$B$132 -> 0 | BU6: =$G6*BS6 -> 0 | BW6: =BV6*$B$133 -> 0 | BX6: =$G6*BV6 -> 0 | BZ6: =BY6*$B$134 -> 0 | CA6: =$G6*BY6 -> 0 | CC6: =CB6*$B$135 -> 0 | CD6: =$G6*CB6 -> 0 | CF6: =CE6*$B$136 -> 0 | CG6: =$G6*CE6 -> 0 | CI6: =CH6*$B$137 -> 0 | CJ6: =$G6*CH6 -> 0 | CL6: =CK6*$B$138 -> 0 | CM6: =$G6*CK6 -> 0 | CO6: =CN6*$B$139 -> 0 | CP6: =$G6*CN6 -> 0 | CR6: =CQ6*$B$140 -> 0 | CS6: =$G6*CQ6 -> 0 | CU6: =CT6*$B$141 -> 0 | CV6: =$G6*CT6 -> 0 | CX6: =CW6*$B$142 -> 0 | CY6: =$G6*CW6 -> 0 | DA6: =CZ6*$B$143 -> 0 | DB6: =$G6*CZ6 -> 0 | DD6: =DC6*$B$144 -> 0 | DE6: =$G6*DC6 -> 0 | DG6: =DF6*$B$145 -> 0 | DH6: =$G6*DF6 -> 0 | DJ6: =DI6*$B$146 -> 0 | DK6: =$G6*DI6 -> 0 | DM6: =DL6*$B$147 -> 0 | DN6: =$G6*DL6 -> 0 | DP6: =DO6*$B$148 -> 0 | DQ6: =$G6*DO6 -> 0 | DS6: =DR6*$B$149 -> 0 | DT6: =$G6*DR6 -> 0 | DV6: =DU6*$B$150 -> 0 | DW6: =$G6*DU6 -> 0 | DY6: =DX6*$B$151 -> 0 | DZ6: =$G6*DX6 -> 0 | EB6: =EA6*$B$152 -> 0 | EC6: =$G6*EA6 -> 0 | EE6: =ED6*$B$153 -> 0 | EF6: =$G6*ED6 -> 0 | EH6: =EG6*$B$154 -> 0 | EI6: =$G6*EG6 -> 0 | EK6: =EJ6*$B$155 -> 0 | EL6: =$G6*EJ6 -> 0 | EN6: =EM6*$B$156 -> 0 | EO6: =$G6*EM6 -> 0
A7: 2 | B7: Exit Device | C7: Sargent | D7: 56-NB-PE8613 x WEJ x hand | E7: 626 | F7: =SUM(I7,L7,O7,BN7,R7,U7,X7,AA7,BZ7,CC7,CF7,AD7,AG7,AJ7,AM7,AP7,AS7,AV7,AY7,BB7,BE7,BH7,BK7,BQ7,BT7,BW7,CI7,CL7,CO7,CR7,CU7,CX7,DA7,DD7,DG7,DJ7,DM7,DP7,DS7,DV7,DY7,EB7,EE7,EH7,EK7,EN7) -> 2 | H7: 2 | I7: =H7*$B$111 -> 2 | J7: =$G7*H7 -> 0 | L7: =K7*$B$112 -> 0 | M7: =$G7*K7 -> 0 | O7: =N7*$B$113 -> 0 | P7: =$G7*N7 -> 0 | R7: =Q7*$B$114 -> 0 | S7: =$G7*Q7 -> 0 | U7: =T7*$B$115 -> 0 | V7: =$G7*T7 -> 0 | X7: =W7*$B$116 -> 0 | Y7: =$G7*W7 -> 0 | AA7: =Z7*$B$117 -> 0 | AB7: =$G7*Z7 -> 0 | AD7: =AC7*$B$118 -> 0 | AE7: =$G7*AC7 -> 0 | AG7: =AF7*$B$119 -> 0 | AH7: =$G7*AF7 -> 0 | AJ7: =AI7*$B$120 -> 0 | AK7: =$G7*AI7 -> 0 | AM7: =AL7*$B$121 -> 0 | AN7: =$G7*AL7 -> 0 | AP7: =AO7*$B$122 -> 0 | AQ7: =$G7*AO7 -> 0 | AS7: =AR7*$B$123 -> 0 | AT7: =$G7*AR7 -> 0 | AV7: =AU7*$B$124 -> 0 | AW7: =$G7*AU7 -> 0 | AY7: =AX7*$B$125 -> 0 | AZ7: =$G7*AX7 -> 0 | BB7: =BA7*$B$126 -> 0 | BC7: =$G7*BA7 -> 0 | BE7: =BD7*$B$127 -> 0 | BF7: =$G7*BD7 -> 0 | BH7: =BG7*$B$128 -> 0 | BI7: =$G7*BG7 -> 0 | BK7: =BJ7*$B$129 -> 0 | BL7: =$G7*BJ7 -> 0 | BN7: =BM7*$B$130 -> 0 | BO7: =$G7*BM7 -> 0 | BQ7: =BP7*$B$131 -> 0 | BR7: =$G7*BP7 -> 0 | BT7: =BS7*$B$132 -> 0 | BU7: =$G7*BS7 -> 0 | BW7: =BV7*$B$133 -> 0 | BX7: =$G7*BV7 -> 0 | BZ7: =BY7*$B$134 -> 0 | CA7: =$G7*BY7 -> 0 | CC7: =CB7*$B$135 -> 0 | CD7: =$G7*CB7 -> 0 | CF7: =CE7*$B$136 -> 0 | CG7: =$G7*CE7 -> 0 | CI7: =CH7*$B$137 -> 0 | CJ7: =$G7*CH7 -> 0 | CL7: =CK7*$B$138 -> 0 | CM7: =$G7*CK7 -> 0 | CO7: =CN7*$B$139 -> 0 | CP7: =$G7*CN7 -> 0 | CR7: =CQ7*$B$140 -> 0 | CS7: =$G7*CQ7 -> 0 | CU7: =CT7*$B$141 -> 0 | CV7: =$G7*CT7 -> 0 | CX7: =CW7*$B$142 -> 0 | CY7: =$G7*CW7 -> 0 | DA7: =CZ7*$B$143 -> 0 | DB7: =$G7*CZ7 -> 0 | DD7: =DC7*$B$144 -> 0 | DE7: =$G7*DC7 -> 0 | DG7: =DF7*$B$145 -> 0 | DH7: =$G7*DF7 -> 0 | DJ7: =DI7*$B$146 -> 0 | DK7: =$G7*DI7 -> 0 | DM7: =DL7*$B$147 -> 0 | DN7: =$G7*DL7 -> 0 | DP7: =DO7*$B$148 -> 0 | DQ7: =$G7*DO7 -> 0 | DS7: =DR7*$B$149 -> 0 | DT7: =$G7*DR7 -> 0 | DV7: =DU7*$B$150 -> 0 | DW7: =$G7*DU7 -> 0 | DY7: =DX7*$B$151 -> 0 | DZ7: =$G7*DX7 -> 0 | EB7: =EA7*$B$152 -> 0 | EC7: =$G7*EA7 -> 0 | EE7: =ED7*$B$153 -> 0 | EF7: =$G7*ED7 -> 0 | EH7: =EG7*$B$154 -> 0 | EI7: =$G7*EG7 -> 0 | EK7: =EJ7*$B$155 -> 0 | EL7: =$G7*EJ7 -> 0 | EN7: =EM7*$B$156 -> 0 | EO7: =$G7*EM7 -> 0
A8: 3 | B8: Cylinder | C8: Schlage | D8: C' Kwy. Type x Length x Cam to suit | E8: 626 | F8: =SUM(I8,L8,O8,BN8,R8,U8,X8,AA8,BZ8,CC8,CF8,AD8,AG8,AJ8,AM8,AP8,AS8,AV8,AY8,BB8,BE8,BH8,BK8,BQ8,BT8,BW8,CI8,CL8,CO8,CR8,CU8,CX8,DA8,DD8,DG8,DJ8,DM8,DP8,DS8,DV8,DY8,EB8,EE8,EH8,EK8,EN8) -> 30 | H8: 3 | I8: =H8*$B$111 -> 3 | J8: =$G8*H8 -> 0 | L8: =K8*$B$112 -> 0 | M8: =$G8*K8 -> 0 | O8: =N8*$B$113 -> 0 | P8: =$G8*N8 -> 0 | Q8: 3 | R8: =Q8*$B$114 -> 3 | S8: =$G8*Q8 -> 0 | T8: 3 | U8: =T8*$B$115 -> 3 | V8: =$G8*T8 -> 0 | X8: =W8*$B$116 -> 0 | Y8: =$G8*W8 -> 0 | Z8: 1 | AA8: =Z8*$B$117 -> 1 | AB8: =$G8*Z8 -> 0 | AC8: 2 | AD8: =AC8*$B$118 -> 2 | AE8: =$G8*AC8 -> 0 | AG8: =AF8*$B$119 -> 0 | AH8: =$G8*AF8 -> 0 | AI8: 1 | AJ8: =AI8*$B$120 -> 3 | AK8: =$G8*AI8 -> 0 | AL8: 1 | AM8: =AL8*$B$121 -> 2 | AN8: =$G8*AL8 -> 0 | AO8: 1 | AP8: =AO8*$B$122 -> 1 | AQ8: =$G8*AO8 -> 0 | AR8: 1 | AS8: =AR8*$B$123 -> 1 | AT8: =$G8*AR8 -> 0 | AV8: =AU8*$B$124 -> 0 | AW8: =$G8*AU8 -> 0 | AY8: =AX8*$B$125 -> 0 | AZ8: =$G8*AX8 -> 0 | BA8: 1 | BB8: =BA8*$B$126 -> 2 | BC8: =$G8*BA8 -> 0 | BD8: 1 | BE8: =BD8*$B$127 -> 1 | BF8: =$G8*BD8 -> 0 | BG8: 1 | BH8: =BG8*$B$128 -> 1 | BI8: =$G8*BG8 -> 0 | BJ8: 1 | BK8: =BJ8*$B$129 -> 1 | BL8: =$G8*BJ8 -> 0 | BN8: =BM8*$B$130 -> 0 | BO8: =$G8*BM8 -> 0 | BQ8: =BP8*$B$131 -> 0 | BR8: =$G8*BP8 -> 0 | BT8: =BS8*$B$132 -> 0 | BU8: =$G8*BS8 -> 0 | BV8: 1 | BW8: =BV8*$B$133 -> 2 | BX8: =$G8*BV8 -> 0 | BY8: 1 | BZ8: =BY8*$B$134 -> 3 | CA8: =$G8*BY8 -> 0 | CB8: 1 | CC8: =CB8*$B$135 -> 1 | CD8: =$G8*CB8 -> 0 | CF8: =CE8*$B$136 -> 0 | CG8: =$G8*CE8 -> 0 | CI8: =CH8*$B$137 -> 0 | CJ8: =$G8*CH8 -> 0 | CL8: =CK8*$B$138 -> 0 | CM8: =$G8*CK8 -> 0 | CO8: =CN8*$B$139 -> 0 | CP8: =$G8*CN8 -> 0 | CR8: =CQ8*$B$140 -> 0 | CS8: =$G8*CQ8 -> 0 | CU8: =CT8*$B$141 -> 0 | CV8: =$G8*CT8 -> 0 | CX8: =CW8*$B$142 -> 0 | CY8: =$G8*CW8 -> 0 | DA8: =CZ8*$B$143 -> 0 | DB8: =$G8*CZ8 -> 0 | DD8: =DC8*$B$144 -> 0 | DE8: =$G8*DC8 -> 0 | DG8: =DF8*$B$145 -> 0 | DH8: =$G8*DF8 -> 0 | DJ8: =DI8*$B$146 -> 0 | DK8: =$G8*DI8 -> 0 | DM8: =DL8*$B$147 -> 0 | DN8: =$G8*DL8 -> 0 | DP8: =DO8*$B$148 -> 0 | DQ8: =$G8*DO8 -> 0 | DS8: =DR8*$B$149 -> 0 | DT8: =$G8*DR8 -> 0 | DV8: =DU8*$B$150 -> 0 | DW8: =$G8*DU8 -> 0 | DY8: =DX8*$B$151 -> 0 | DZ8: =$G8*DX8 -> 0 | EB8: =EA8*$B$152 -> 0 | EC8: =$G8*EA8 -> 0 | EE8: =ED8*$B$153 -> 0 | EF8: =$G8*ED8 -> 0 | EH8: =EG8*$B$154 -> 0 | EI8: =$G8*EG8 -> 0 | EK8: =EJ8*$B$155 -> 0 | EL8: =$G8*EJ8 -> 0 | EN8: =EM8*$B$156 -> 0 | EO8: =$G8*EM8 -> 0
A9: 4 | B9: Exit Device | C9: Detex | D9: F-81-08DV(S lever)-630-hand-LD-EExER-630-95T- height-EC1-SN1 | F9: =SUM(I9,L9,O9,BN9,R9,U9,X9,AA9,BZ9,CC9,CF9,AD9,AG9,AJ9,AM9,AP9,AS9,AV9,AY9,BB9,BE9,BH9,BK9,BQ9,BT9,BW9,CI9,CL9,CO9,CR9,CU9,CX9,DA9,DD9,DG9,DJ9,DM9,DP9,DS9,DV9,DY9,EB9,EE9,EH9,EK9,EN9) -> 4 | I9: =H9*$B$111 -> 0 | J9: =$G9*H9 -> 0 | L9: =K9*$B$112 -> 0 | M9: =$G9*K9 -> 0 | O9: =N9*$B$113 -> 0 | P9: =$G9*N9 -> 0 | Q9: 2 | R9: =Q9*$B$114 -> 2 | S9: =$G9*Q9 -> 0 | T9: 2 | U9: =T9*$B$115 -> 2 | V9: =$G9*T9 -> 0 | X9: =W9*$B$116 -> 0 | Y9: =$G9*W9 -> 0 | AA9: =Z9*$B$117 -> 0 | AB9: =$G9*Z9 -> 0 | AD9: =AC9*$B$118 -> 0 | AE9: =$G9*AC9 -> 0 | AG9: =AF9*$B$119 -> 0 | AH9: =$G9*AF9 -> 0 | AJ9: =AI9*$B$120 -> 0 | AK9: =$G9*AI9 -> 0 | AM9: =AL9*$B$121 -> 0 | AN9: =$G9*AL9 -> 0 | AP9: =AO9*$B$122 -> 0 | AQ9: =$G9*AO9 -> 0 | AS9: =AR9*$B$123 -> 0 | AT9: =$G9*AR9 -> 0 | AV9: =AU9*$B$124 -> 0 | AW9: =$G9*AU9 -> 0 | AY9: =AX9*$B$125 -> 0 | AZ9: =$G9*AX9 -> 0 | BB9: =BA9*$B$126 -> 0 | BC9: =$G9*BA9 -> 0 | BE9: =BD9*$B$127 -> 0 | BF9: =$G9*BD9 -> 0 | BH9: =BG9*$B$128 -> 0 | BI9: =$G9*BG9 -> 0 | BK9: =BJ9*$B$129 -> 0 | BL9: =$G9*BJ9 -> 0 | BN9: =BM9*$B$130 -> 0 | BO9: =$G9*BM9 -> 0 | BQ9: =BP9*$B$131 -> 0 | BR9: =$G9*BP9 -> 0 | BT9: =BS9*$B$132 -> 0 | BU9: =$G9*BS9 -> 0 | BW9: =BV9*$B$133 -> 0 | BX9: =$G9*BV9 -> 0 | BZ9: =BY9*$B$134 -> 0 | CA9: =$G9*BY9 -> 0 | CC9: =CB9*$B$135 -> 0 | CD9: =$G9*CB9 -> 0 | CF9: =CE9*$B$136 -> 0 | CG9: =$G9*CE9 -> 0 | CI9: =CH9*$B$137 -> 0 | CJ9: =$G9*CH9 -> 0 | CL9: =CK9*$B$138 -> 0 | CM9: =$G9*CK9 -> 0 | CO9: =CN9*$B$139 -> 0 | CP9: =$G9*CN9 -> 0 | CR9: =CQ9*$B$140 -> 0 | CS9: =$G9*CQ9 -> 0 | CU9: =CT9*$B$141 -> 0 | CV9: =$G9*CT9 -> 0 | CX9: =CW9*$B$142 -> 0 | CY9: =$G9*CW9 -> 0 | DA9: =CZ9*$B$143 -> 0 | DB9: =$G9*CZ9 -> 0 | DD9: =DC9*$B$144 -> 0 | DE9: =$G9*DC9 -> 0 | DG9: =DF9*$B$145 -> 0 | DH9: =$G9*DF9 -> 0 | DJ9: =DI9*$B$146 -> 0 | DK9: =$G9*DI9 -> 0 | DM9: =DL9*$B$147 -> 0 | DN9: =$G9*DL9 -> 0 | DP9: =DO9*$B$148 -> 0 | DQ9: =$G9*DO9 -> 0 | DS9: =DR9*$B$149 -> 0 | DT9: =$G9*DR9 -> 0 | DV9: =DU9*$B$150 -> 0 | DW9: =$G9*DU9 -> 0 | DY9: =DX9*$B$151 -> 0 | DZ9: =$G9*DX9 -> 0 | EB9: =EA9*$B$152 -> 0 | EC9: =$G9*EA9 -> 0 | EE9: =ED9*$B$153 -> 0 | EF9: =$G9*ED9 -> 0 | EH9: =EG9*$B$154 -> 0 | EI9: =$G9*EG9 -> 0 | EK9: =EJ9*$B$155 -> 0 | EL9: =$G9*EJ9 -> 0 | EN9: =EM9*$B$156 -> 0 | EO9: =$G9*EM9 -> 0
A10: 5 | B10: Passage Set | C10: Sargent | D10: 55-56-8215 x LNJ x hand | E10: 626 | F10: =SUM(I10,L10,O10,BN10,R10,U10,X10,AA10,BZ10,CC10,CF10,AD10,AG10,AJ10,AM10,AP10,AS10,AV10,AY10,BB10,BE10,BH10,BK10,BQ10,BT10,BW10,CI10,CL10,CO10,CR10,CU10,CX10,DA10,DD10,DG10,DJ10,DM10,DP10,DS10,DV10,DY10,EB10,EE10,EH10,EK10,EN10) -> 4 | I10: =H10*$B$111 -> 0 | J10: =$G10*H10 -> 0 | L10: =K10*$B$112 -> 0 | M10: =$G10*K10 -> 0 | O10: =N10*$B$113 -> 0 | P10: =$G10*N10 -> 0 | R10: =Q10*$B$114 -> 0 | S10: =$G10*Q10 -> 0 | U10: =T10*$B$115 -> 0 | V10: =$G10*T10 -> 0 | W10: 1 | X10: =W10*$B$116 -> 4 | Y10: =$G10*W10 -> 0 | AA10: =Z10*$B$117 -> 0 | AB10: =$G10*Z10 -> 0 | AD10: =AC10*$B$118 -> 0 | AE10: =$G10*AC10 -> 0 | AG10: =AF10*$B$119 -> 0 | AH10: =$G10*AF10 -> 0 | AJ10: =AI10*$B$120 -> 0 | AK10: =$G10*AI10 -> 0 | AM10: =AL10*$B$121 -> 0 | AN10: =$G10*AL10 -> 0 | AP10: =AO10*$B$122 -> 0 | AQ10: =$G10*AO10 -> 0 | AS10: =AR10*$B$123 -> 0 | AT10: =$G10*AR10 -> 0 | AV10: =AU10*$B$124 -> 0 | AW10: =$G10*AU10 -> 0 | AY10: =AX10*$B$125 -> 0 | AZ10: =$G10*AX10 -> 0 | BB10: =BA10*$B$126 -> 0 | BC10: =$G10*BA10 -> 0 | BE10: =BD10*$B$127 -> 0 | BF10: =$G10*BD10 -> 0 | BH10: =BG10*$B$128 -> 0 | BI10: =$G10*BG10 -> 0 | BK10: =BJ10*$B$129 -> 0 | BL10: =$G10*BJ10 -> 0 | BN10: =BM10*$B$130 -> 0 | BO10: =$G10*BM10 -> 0 | BQ10: =BP10*$B$131 -> 0 | BR10: =$G10*BP10 -> 0 | BT10: =BS10*$B$132 -> 0 | BU10: =$G10*BS10 -> 0 | BW10: =BV10*$B$133 -> 0 | BX10: =$G10*BV10 -> 0 | BZ10: =BY10*$B$134 -> 0 | CA10: =$G10*BY10 -> 0 | CC10: =CB10*$B$135 -> 0 | CD10: =$G10*CB10 -> 0 | CF10: =CE10*$B$136 -> 0 | CG10: =$G10*CE10 -> 0 | CI10: =CH10*$B$137 -> 0 | CJ10: =$G10*CH10 -> 0 | CL10: =CK10*$B$138 -> 0 | CM10: =$G10*CK10 -> 0 | CO10: =CN10*$B$139 -> 0 | CP10: =$G10*CN10 -> 0 | CR10: =CQ10*$B$140 -> 0 | CS10: =$G10*CQ10 -> 0 | CU10: =CT10*$B$141 -> 0 | CV10: =$G10*CT10 -> 0 | CX10: =CW10*$B$142 -> 0 | CY10: =$G10*CW10 -> 0 | DA10: =CZ10*$B$143 -> 0 | DB10: =$G10*CZ10 -> 0 | DD10: =DC10*$B$144 -> 0 | DE10: =$G10*DC10 -> 0 | DG10: =DF10*$B$145 -> 0 | DH10: =$G10*DF10 -> 0 | DJ10: =DI10*$B$146 -> 0 | DK10: =$G10*DI10 -> 0 | DM10: =DL10*$B$147 -> 0 | DN10: =$G10*DL10 -> 0 | DP10: =DO10*$B$148 -> 0 | DQ10: =$G10*DO10 -> 0 | DS10: =DR10*$B$149 -> 0 | DT10: =$G10*DR10 -> 0 | DV10: =DU10*$B$150 -> 0 | DW10: =$G10*DU10 -> 0 | DY10: =DX10*$B$151 -> 0 | DZ10: =$G10*DX10 -> 0 | EB10: =EA10*$B$152 -> 0 | EC10: =$G10*EA10 -> 0 | EE10: =ED10*$B$153 -> 0 | EF10: =$G10*ED10 -> 0 | EH10: =EG10*$B$154 -> 0 | EI10: =$G10*EG10 -> 0 | EK10: =EJ10*$B$155 -> 0 | EL10: =$G10*EJ10 -> 0 | EN10: =EM10*$B$156 -> 0 | EO10: =$G10*EM10 -> 0
A11: 6 | B11: Storeroom Lockset | C11: Sargent | D11: 54-55-56-8204 x LNJ x hand | E11: 626 | F11: =SUM(I11,L11,O11,BN11,R11,U11,X11,AA11,BZ11,CC11,CF11,AD11,AG11,AJ11,AM11,AP11,AS11,AV11,AY11,BB11,BE11,BH11,BK11,BQ11,BT11,BW11,CI11,CL11,CO11,CR11,CU11,CX11,DA11,DD11,DG11,DJ11,DM11,DP11,DS11,DV11,DY11,EB11,EE11,EH11,EK11,EN11) -> 2 | I11: =H11*$B$111 -> 0 | J11: =$G11*H11 -> 0 | L11: =K11*$B$112 -> 0 | M11: =$G11*K11 -> 0 | O11: =N11*$B$113 -> 0 | P11: =$G11*N11 -> 0 | R11: =Q11*$B$114 -> 0 | S11: =$G11*Q11 -> 0 | U11: =T11*$B$115 -> 0 | V11: =$G11*T11 -> 0 | X11: =W11*$B$116 -> 0 | Y11: =$G11*W11 -> 0 | Z11: 1 | AA11: =Z11*$B$117 -> 1 | AB11: =$G11*Z11 -> 0 | AC11: 1 | AD11: =AC11*$B$118 -> 1 | AE11: =$G11*AC11 -> 0 | AG11: =AF11*$B$119 -> 0 | AH11: =$G11*AF11 -> 0 | AJ11: =AI11*$B$120 -> 0 | AK11: =$G11*AI11 -> 0 | AM11: =AL11*$B$121 -> 0 | AN11: =$G11*AL11 -> 0 | AP11: =AO11*$B$122 -> 0 | AQ11: =$G11*AO11 -> 0 | AS11: =AR11*$B$123 -> 0 | AT11: =$G11*AR11 -> 0 | AV11: =AU11*$B$124 -> 0 | AW11: =$G11*AU11 -> 0 | AY11: =AX11*$B$125 -> 0 | AZ11: =$G11*AX11 -> 0 | BB11: =BA11*$B$126 -> 0 | BC11: =$G11*BA11 -> 0 | BE11: =BD11*$B$127 -> 0 | BF11: =$G11*BD11 -> 0 | BH11: =BG11*$B$128 -> 0 | BI11: =$G11*BG11 -> 0 | BK11: =BJ11*$B$129 -> 0 | BL11: =$G11*BJ11 -> 0 | BN11: =BM11*$B$130 -> 0 | BO11: =$G11*BM11 -> 0 | BQ11: =BP11*$B$131 -> 0 | BR11: =$G11*BP11 -> 0 | BT11: =BS11*$B$132 -> 0 | BU11: =$G11*BS11 -> 0 | BW11: =BV11*$B$133 -> 0 | BX11: =$G11*BV11 -> 0 | BZ11: =BY11*$B$134 -> 0 | CA11: =$G11*BY11 -> 0 | CC11: =CB11*$B$135 -> 0 | CD11: =$G11*CB11 -> 0 | CF11: =CE11*$B$136 -> 0 | CG11: =$G11*CE11 -> 0 | CI11: =CH11*$B$137 -> 0 | CJ11: =$G11*CH11 -> 0 | CL11: =CK11*$B$138 -> 0 | CM11: =$G11*CK11 -> 0 | CO11: =CN11*$B$139 -> 0 | CP11: =$G11*CN11 -> 0 | CR11: =CQ11*$B$140 -> 0 | CS11: =$G11*CQ11 -> 0 | CU11: =CT11*$B$141 -> 0 | CV11: =$G11*CT11 -> 0 | CX11: =CW11*$B$142 -> 0 | CY11: =$G11*CW11 -> 0 | DA11: =CZ11*$B$143 -> 0 | DB11: =$G11*CZ11 -> 0 | DD11: =DC11*$B$144 -> 0 | DE11: =$G11*DC11 -> 0 | DG11: =DF11*$B$145 -> 0 | DH11: =$G11*DF11 -> 0 | DJ11: =DI11*$B$146 -> 0 | DK11: =$G11*DI11 -> 0 | DM11: =DL11*$B$147 -> 0 | DN11: =$G11*DL11 -> 0 | DP11: =DO11*$B$148 -> 0 | DQ11: =$G11*DO11 -> 0 | DS11: =DR11*$B$149 -> 0 | DT11: =$G11*DR11 -> 0 | DV11: =DU11*$B$150 -> 0 | DW11: =$G11*DU11 -> 0 | DY11: =DX11*$B$151 -> 0 | DZ11: =$G11*DX11 -> 0 | EB11: =EA11*$B$152 -> 0 | EC11: =$G11*EA11 -> 0 | EE11: =ED11*$B$153 -> 0 | EF11: =$G11*ED11 -> 0 | EH11: =EG11*$B$154 -> 0 | EI11: =$G11*EG11 -> 0 | EK11: =EJ11*$B$155 -> 0 | EL11: =$G11*EJ11 -> 0 | EN11: =EM11*$B$156 -> 0 | EO11: =$G11*EM11 -> 0
A12: 7 | B12: Continuous Hinge | C12: Pemko | D12: DSHPO1C-84-Torx | F12: =SUM(I12,L12,O12,BN12,R12,U12,X12,AA12,BZ12,CC12,CF12,AD12,AG12,AJ12,AM12,AP12,AS12,AV12,AY12,BB12,BE12,BH12,BK12,BQ12,BT12,BW12,CI12,CL12,CO12,CR12,CU12,CX12,DA12,DD12,DG12,DJ12,DM12,DP12,DS12,DV12,DY12,EB12,EE12,EH12,EK12,EN12) -> 8 | I12: =H12*$B$111 -> 0 | J12: =$G12*H12 -> 0 | L12: =K12*$B$112 -> 0 | M12: =$G12*K12 -> 0 | O12: =N12*$B$113 -> 0 | P12: =$G12*N12 -> 0 | R12: =Q12*$B$114 -> 0 | S12: =$G12*Q12 -> 0 | U12: =T12*$B$115 -> 0 | V12: =$G12*T12 -> 0 | X12: =W12*$B$116 -> 0 | Y12: =$G12*W12 -> 0 | AA12: =Z12*$B$117 -> 0 | AB12: =$G12*Z12 -> 0 | AD12: =AC12*$B$118 -> 0 | AE12: =$G12*AC12 -> 0 | AG12: =AF12*$B$119 -> 0 | AH12: =$G12*AF12 -> 0 | AJ12: =AI12*$B$120 -> 0 | AK12: =$G12*AI12 -> 0 | AM12: =AL12*$B$121 -> 0 | AN12: =$G12*AL12 -> 0 | AP12: =AO12*$B$122 -> 0 | AQ12: =$G12*AO12 -> 0 | AS12: =AR12*$B$123 -> 0 | AT12: =$G12*AR12 -> 0 | AV12: =AU12*$B$124 -> 0 | AW12: =$G12*AU12 -> 0 | AY12: =AX12*$B$125 -> 0 | AZ12: =$G12*AX12 -> 0 | BA12: 1 | BB12: =BA12*$B$126 -> 2 | BC12: =$G12*BA12 -> 0 | BE12: =BD12*$B$127 -> 0 | BF12: =$G12*BD12 -> 0 | BH12: =BG12*$B$128 -> 0 | BI12: =$G12*BG12 -> 0 | BK12: =BJ12*$B$129 -> 0 | BL12: =$G12*BJ12 -> 0 | BN12: =BM12*$B$130 -> 0 | BO12: =$G12*BM12 -> 0 | BQ12: =BP12*$B$131 -> 0 | BR12: =$G12*BP12 -> 0 | BS12: 1 | BT12: =BS12*$B$132 -> 1 | BU12: =$G12*BS12 -> 0 | BV12: 1 | BW12: =BV12*$B$133 -> 2 | BX12: =$G12*BV12 -> 0 | BY12: 1 | BZ12: =BY12*$B$134 -> 3 | CA12: =$G12*BY12 -> 0 | CC12: =CB12*$B$135 -> 0 | CD12: =$G12*CB12 -> 0 | CF12: =CE12*$B$136 -> 0 | CG12: =$G12*CE12 -> 0 | CI12: =CH12*$B$137 -> 0 | CJ12: =$G12*CH12 -> 0 | CL12: =CK12*$B$138 -> 0 | CM12: =$G12*CK12 -> 0 | CO12: =CN12*$B$139 -> 0 | CP12: =$G12*CN12 -> 0 | CR12: =CQ12*$B$140 -> 0 | CS12: =$G12*CQ12 -> 0 | CU12: =CT12*$B$141 -> 0 | CV12: =$G12*CT12 -> 0 | CX12: =CW12*$B$142 -> 0 | CY12: =$G12*CW12 -> 0 | DA12: =CZ12*$B$143 -> 0 | DB12: =$G12*CZ12 -> 0 | DD12: =DC12*$B$144 -> 0 | DE12: =$G12*DC12 -> 0 | DG12: =DF12*$B$145 -> 0 | DH12: =$G12*DF12 -> 0 | DJ12: =DI12*$B$146 -> 0 | DK12: =$G12*DI12 -> 0 | DM12: =DL12*$B$147 -> 0 | DN12: =$G12*DL12 -> 0 | DP12: =DO12*$B$148 -> 0 | DQ12: =$G12*DO12 -> 0 | DS12: =DR12*$B$149 -> 0 | DT12: =$G12*DR12 -> 0 | DV12: =DU12*$B$150 -> 0 | DW12: =$G12*DU12 -> 0 | DY12: =DX12*$B$151 -> 0 | DZ12: =$G12*DX12 -> 0 | EB12: =EA12*$B$152 -> 0 | EC12: =$G12*EA12 -> 0 | EE12: =ED12*$B$153 -> 0 | EF12: =$G12*ED12 -> 0 | EH12: =EG12*$B$154 -> 0 | EI12: =$G12*EG12 -> 0 | EK12: =EJ12*$B$155 -> 0 | EL12: =$G12*EJ12 -> 0 | EN12: =EM12*$B$156 -> 0 | EO12: =$G12*EM12 -> 0
A13: 8 | B13: Continuous Hinge | C13: McKinney | D13: (83") FM-HD1 x length | F13: =SUM(I13,L13,O13,BN13,R13,U13,X13,AA13,BZ13,CC13,CF13,AD13,AG13,AJ13,AM13,AP13,AS13,AV13,AY13,BB13,BE13,BH13,BK13,BQ13,BT13,BW13,CI13,CL13,CO13,CR13,CU13,CX13,DA13,DD13,DG13,DJ13,DM13,DP13,DS13,DV13,DY13,EB13,EE13,EH13,EK13,EN13) -> 5 | I13: =H13*$B$111 -> 0 | J13: =$G13*H13 -> 0 | L13: =K13*$B$112 -> 0 | M13: =$G13*K13 -> 0 | O13: =N13*$B$113 -> 0 | P13: =$G13*N13 -> 0 | R13: =Q13*$B$114 -> 0 | S13: =$G13*Q13 -> 0 | U13: =T13*$B$115 -> 0 | V13: =$G13*T13 -> 0 | X13: =W13*$B$116 -> 0 | Y13: =$G13*W13 -> 0 | AA13: =Z13*$B$117 -> 0 | AB13: =$G13*Z13 -> 0 | AC13: 1 | AD13: =AC13*$B$118 -> 1 | AE13: =$G13*AC13 -> 0 | AG13: =AF13*$B$119 -> 0 | AH13: =$G13*AF13 -> 0 | AJ13: =AI13*$B$120 -> 0 | AK13: =$G13*AI13 -> 0 | AM13: =AL13*$B$121 -> 0 | AN13: =$G13*AL13 -> 0 | AP13: =AO13*$B$122 -> 0 | AQ13: =$G13*AO13 -> 0 | AS13: =AR13*$B$123 -> 0 | AT13: =$G13*AR13 -> 0 | AV13: =AU13*$B$124 -> 0 | AW13: =$G13*AU13 -> 0 | AX13: 2 | AY13: =AX13*$B$125 -> 2 | AZ13: =$G13*AX13 -> 0 | BB13: =BA13*$B$126 -> 0 | BC13: =$G13*BA13 -> 0 | BE13: =BD13*$B$127 -> 0 | BF13: =$G13*BD13 -> 0 | BH13: =BG13*$B$128 -> 0 | BI13: =$G13*BG13 -> 0 | BJ13: 2 | BK13: =BJ13*$B$129 -> 2 | BL13: =$G13*BJ13 -> 0 | BN13: =BM13*$B$130 -> 0 | BO13: =$G13*BM13 -> 0 | BQ13: =BP13*$B$131 -> 0 | BR13: =$G13*BP13 -> 0 | BT13: =BS13*$B$132 -> 0 | BU13: =$G13*BS13 -> 0 | BW13: =BV13*$B$133 -> 0 | BX13: =$G13*BV13 -> 0 | BZ13: =BY13*$B$134 -> 0 | CA13: =$G13*BY13 -> 0 | CC13: =CB13*$B$135 -> 0 | CD13: =$G13*CB13 -> 0 | CF13: =CE13*$B$136 -> 0 | CG13: =$G13*CE13 -> 0 | CI13: =CH13*$B$137 -> 0 | CJ13: =$G13*CH13 -> 0 | CL13: =CK13*$B$138 -> 0 | CM13: =$G13*CK13 -> 0 | CO13: =CN13*$B$139 -> 0 | CP13: =$G13*CN13 -> 0 | CR13: =CQ13*$B$140 -> 0 | CS13: =$G13*CQ13 -> 0 | CU13: =CT13*$B$141 -> 0 | CV13: =$G13*CT13 -> 0 | CX13: =CW13*$B$142 -> 0 | CY13: =$G13*CW13 -> 0 | DA13: =CZ13*$B$143 -> 0 | DB13: =$G13*CZ13 -> 0 | DD13: =DC13*$B$144 -> 0 | DE13: =$G13*DC13 -> 0 | DG13: =DF13*$B$145 -> 0 | DH13: =$G13*DF13 -> 0 | DJ13: =DI13*$B$146 -> 0 | DK13: =$G13*DI13 -> 0 | DM13: =DL13*$B$147 -> 0 | DN13: =$G13*DL13 -> 0 | DP13: =DO13*$B$148 -> 0 | DQ13: =$G13*DO13 -> 0 | DS13: =DR13*$B$149 -> 0 | DT13: =$G13*DR13 -> 0 | DV13: =DU13*$B$150 -> 0 | DW13: =$G13*DU13 -> 0 | DY13: =DX13*$B$151 -> 0 | DZ13: =$G13*DX13 -> 0 | EB13: =EA13*$B$152 -> 0 | EC13: =$G13*EA13 -> 0 | EE13: =ED13*$B$153 -> 0 | EF13: =$G13*ED13 -> 0 | EH13: =EG13*$B$154 -> 0 | EI13: =$G13*EG13 -> 0 | EK13: =EJ13*$B$155 -> 0 | EL13: =$G13*EJ13 -> 0 | EN13: =EM13*$B$156 -> 0 | EO13: =$G13*EM13 -> 0
A14: 9 | B14: Continuous Hinge | C14: McKinney | D14: (83") FM-HD1-SER8 x length | E14: CA | F14: =SUM(I14,L14,O14,BN14,R14,U14,X14,AA14,BZ14,CC14,CF14,AD14,AG14,AJ14,AM14,AP14,AS14,AV14,AY14,BB14,BE14,BH14,BK14,BQ14,BT14,BW14,CI14,CL14,CO14,CR14,CU14,CX14,DA14,DD14,DG14,DJ14,DM14,DP14,DS14,DV14,DY14,EB14,EE14,EH14,EK14,EN14) -> 7 | I14: =H14*$B$111 -> 0 | J14: =$G14*H14 -> 0 | L14: =K14*$B$112 -> 0 | M14: =$G14*K14 -> 0 | O14: =N14*$B$113 -> 0 | P14: =$G14*N14 -> 0 | R14: =Q14*$B$114 -> 0 | S14: =$G14*Q14 -> 0 | U14: =T14*$B$115 -> 0 | V14: =$G14*T14 -> 0 | X14: =W14*$B$116 -> 0 | Y14: =$G14*W14 -> 0 | AA14: =Z14*$B$117 -> 0 | AB14: =$G14*Z14 -> 0 | AD14: =AC14*$B$118 -> 0 | AE14: =$G14*AC14 -> 0 | AG14: =AF14*$B$119 -> 0 | AH14: =$G14*AF14 -> 0 | AI14: 1 | AJ14: =AI14*$B$120 -> 3 | AK14: =$G14*AI14 -> 0 | AL14: 1 | AM14: =AL14*$B$121 -> 2 | AN14: =$G14*AL14 -> 0 | AO14: 1 | AP14: =AO14*$B$122 -> 1 | AQ14: =$G14*AO14 -> 0 | AR14: 1 | AS14: =AR14*$B$123 -> 1 | AT14: =$G14*AR14 -> 0 | AV14: =AU14*$B$124 -> 0 | AW14: =$G14*AU14 -> 0 | AY14: =AX14*$B$125 -> 0 | AZ14: =$G14*AX14 -> 0 | BB14: =BA14*$B$126 -> 0 | BC14: =$G14*BA14 -> 0 | BE14: =BD14*$B$127 -> 0 | BF14: =$G14*BD14 -> 0 | BH14: =BG14*$B$128 -> 0 | BI14: =$G14*BG14 -> 0 | BK14: =BJ14*$B$129 -> 0 | BL14: =$G14*BJ14 -> 0 | BN14: =BM14*$B$130 -> 0 | BO14: =$G14*BM14 -> 0 | BQ14: =BP14*$B$131 -> 0 | BR14: =$G14*BP14 -> 0 | BT14: =BS14*$B$132 -> 0 | BU14: =$G14*BS14 -> 0 | BW14: =BV14*$B$133 -> 0 | BX14: =$G14*BV14 -> 0 | BZ14: =BY14*$B$134 -> 0 | CA14: =$G14*BY14 -> 0 | CC14: =CB14*$B$135 -> 0 | CD14: =$G14*CB14 -> 0 | CF14: =CE14*$B$136 -> 0 | CG14: =$G14*CE14 -> 0 | CI14: =CH14*$B$137 -> 0 | CJ14: =$G14*CH14 -> 0 | CL14: =CK14*$B$138 -> 0 | CM14: =$G14*CK14 -> 0 | CO14: =CN14*$B$139 -> 0 | CP14: =$G14*CN14 -> 0 | CR14: =CQ14*$B$140 -> 0 | CS14: =$G14*CQ14 -> 0 | CU14: =CT14*$B$141 -> 0 | CV14: =$G14*CT14 -> 0 | CX14: =CW14*$B$142 -> 0 | CY14: =$G14*CW14 -> 0 | DA14: =CZ14*$B$143 -> 0 | DB14: =$G14*CZ14 -> 0 | DD14: =DC14*$B$144 -> 0 | DE14: =$G14*DC14 -> 0 | DG14: =DF14*$B$145 -> 0 | DH14: =$G14*DF14 -> 0 | DJ14: =DI14*$B$146 -> 0 | DK14: =$G14*DI14 -> 0 | DM14: =DL14*$B$147 -> 0 | DN14: =$G14*DL14 -> 0 | DP14: =DO14*$B$148 -> 0 | DQ14: =$G14*DO14 -> 0 | DS14: =DR14*$B$149 -> 0 | DT14: =$G14*DR14 -> 0 | DV14: =DU14*$B$150 -> 0 | DW14: =$G14*DU14 -> 0 | DY14: =DX14*$B$151 -> 0 | DZ14: =$G14*DX14 -> 0 | EB14: =EA14*$B$152 -> 0 | EC14: =$G14*EA14 -> 0 | EE14: =ED14*$B$153 -> 0 | EF14: =$G14*ED14 -> 0 | EH14: =EG14*$B$154 -> 0 | EI14: =$G14*EG14 -> 0 | EK14: =EJ14*$B$155 -> 0 | EL14: =$G14*EJ14 -> 0 | EN14: =EM14*$B$156 -> 0 | EO14: =$G14*EM14 -> 0
A15: 10 | B15: Lockset | C15: Sargent | D15: 10XG04 x LL | E15: 626 | F15: =SUM(I15,L15,O15,BN15,R15,U15,X15,AA15,BZ15,CC15,CF15,AD15,AG15,AJ15,AM15,AP15,AS15,AV15,AY15,BB15,BE15,BH15,BK15,BQ15,BT15,BW15,CI15,CL15,CO15,CR15,CU15,CX15,DA15,DD15,DG15,DJ15,DM15,DP15,DS15,DV15,DY15,EB15,EE15,EH15,EK15,EN15) -> 1 | I15: =H15*$B$111 -> 0 | J15: =$G15*H15 -> 0 | L15: =K15*$B$112 -> 0 | M15: =$G15*K15 -> 0 | O15: =N15*$B$113 -> 0 | P15: =$G15*N15 -> 0 | R15: =Q15*$B$114 -> 0 | S15: =$G15*Q15 -> 0 | U15: =T15*$B$115 -> 0 | V15: =$G15*T15 -> 0 | X15: =W15*$B$116 -> 0 | Y15: =$G15*W15 -> 0 | AA15: =Z15*$B$117 -> 0 | AB15: =$G15*Z15 -> 0 | AD15: =AC15*$B$118 -> 0 | AE15: =$G15*AC15 -> 0 | AG15: =AF15*$B$119 -> 0 | AH15: =$G15*AF15 -> 0 | AJ15: =AI15*$B$120 -> 0 | AK15: =$G15*AI15 -> 0 | AM15: =AL15*$B$121 -> 0 | AN15: =$G15*AL15 -> 0 | AP15: =AO15*$B$122 -> 0 | AQ15: =$G15*AO15 -> 0 | AS15: =AR15*$B$123 -> 0 | AT15: =$G15*AR15 -> 0 | AV15: =AU15*$B$124 -> 0 | AW15: =$G15*AU15 -> 0 | AY15: =AX15*$B$125 -> 0 | AZ15: =$G15*AX15 -> 0 | BB15: =BA15*$B$126 -> 0 | BC15: =$G15*BA15 -> 0 | BE15: =BD15*$B$127 -> 0 | BF15: =$G15*BD15 -> 0 | BH15: =BG15*$B$128 -> 0 | BI15: =$G15*BG15 -> 0 | BK15: =BJ15*$B$129 -> 0 | BL15: =$G15*BJ15 -> 0 | BN15: =BM15*$B$130 -> 0 | BO15: =$G15*BM15 -> 0 | BQ15: =BP15*$B$131 -> 0 | BR15: =$G15*BP15 -> 0 | BT15: =BS15*$B$132 -> 0 | BU15: =$G15*BS15 -> 0 | BW15: =BV15*$B$133 -> 0 | BX15: =$G15*BV15 -> 0 | BZ15: =BY15*$B$134 -> 0 | CA15: =$G15*BY15 -> 0 | CB15: 1 | CC15: =CB15*$B$135 -> 1 | CD15: =$G15*CB15 -> 0 | CF15: =CE15*$B$136 -> 0 | CG15: =$G15*CE15 -> 0 | CI15: =CH15*$B$137 -> 0 | CJ15: =$G15*CH15 -> 0 | CL15: =CK15*$B$138 -> 0 | CM15: =$G15*CK15 -> 0 | CO15: =CN15*$B$139 -> 0 | CP15: =$G15*CN15 -> 0 | CR15: =CQ15*$B$140 -> 0 | CS15: =$G15*CQ15 -> 0 | CU15: =CT15*$B$141 -> 0 | CV15: =$G15*CT15 -> 0 | CX15: =CW15*$B$142 -> 0 | CY15: =$G15*CW15 -> 0 | DA15: =CZ15*$B$143 -> 0 | DB15: =$G15*CZ15 -> 0 | DD15: =DC15*$B$144 -> 0 | DE15: =$G15*DC15 -> 0 | DG15: =DF15*$B$145 -> 0 | DH15: =$G15*DF15 -> 0 | DJ15: =DI15*$B$146 -> 0 | DK15: =$G15*DI15 -> 0 | DM15: =DL15*$B$147 -> 0 | DN15: =$G15*DL15 -> 0 | DP15: =DO15*$B$148 -> 0 | DQ15: =$G15*DO15 -> 0 | DS15: =DR15*$B$149 -> 0 | DT15: =$G15*DR15 -> 0 | DV15: =DU15*$B$150 -> 0 | DW15: =$G15*DU15 -> 0 | DY15: =DX15*$B$151 -> 0 | DZ15: =$G15*DX15 -> 0 | EB15: =EA15*$B$152 -> 0 | EC15: =$G15*EA15 -> 0 | EE15: =ED15*$B$153 -> 0 | EF15: =$G15*ED15 -> 0 | EH15: =EG15*$B$154 -> 0 | EI15: =$G15*EG15 -> 0 | EK15: =EJ15*$B$155 -> 0 | EL15: =$G15*EJ15 -> 0 | EN15: =EM15*$B$156 -> 0 | EO15: =$G15*EM15 -> 0
A16: 11 | B16: T/F Hinge | C16: McKinney | D16: T4A4386-QC12 | F16: =SUM(I16,L16,O16,BN16,R16,U16,X16,AA16,BZ16,CC16,CF16,AD16,AG16,AJ16,AM16,AP16,AS16,AV16,AY16,BB16,BE16,BH16,BK16,BQ16,BT16,BW16,CI16,CL16,CO16,CR16,CU16,CX16,DA16,DD16,DG16,DJ16,DM16,DP16,DS16,DV16,DY16,EB16,EE16,EH16,EK16,EN16) -> 1 | I16: =H16*$B$111 -> 0 | J16: =$G16*H16 -> 0 | L16: =K16*$B$112 -> 0 | M16: =$G16*K16 -> 0 | O16: =N16*$B$113 -> 0 | P16: =$G16*N16 -> 0 | R16: =Q16*$B$114 -> 0 | S16: =$G16*Q16 -> 0 | U16: =T16*$B$115 -> 0 | V16: =$G16*T16 -> 0 | X16: =W16*$B$116 -> 0 | Y16: =$G16*W16 -> 0 | Z16: 1 | AA16: =Z16*$B$117 -> 1 | AB16: =$G16*Z16 -> 0 | AD16: =AC16*$B$118 -> 0 | AE16: =$G16*AC16 -> 0 | AG16: =AF16*$B$119 -> 0 | AH16: =$G16*AF16 -> 0 | AJ16: =AI16*$B$120 -> 0 | AK16: =$G16*AI16 -> 0 | AM16: =AL16*$B$121 -> 0 | AN16: =$G16*AL16 -> 0 | AP16: =AO16*$B$122 -> 0 | AQ16: =$G16*AO16 -> 0 | AS16: =AR16*$B$123 -> 0 | AT16: =$G16*AR16 -> 0 | AV16: =AU16*$B$124 -> 0 | AW16: =$G16*AU16 -> 0 | AY16: =AX16*$B$125 -> 0 | AZ16: =$G16*AX16 -> 0 | BB16: =BA16*$B$126 -> 0 | BC16: =$G16*BA16 -> 0 | BE16: =BD16*$B$127 -> 0 | BF16: =$G16*BD16 -> 0 | BH16: =BG16*$B$128 -> 0 | BI16: =$G16*BG16 -> 0 | BK16: =BJ16*$B$129 -> 0 | BL16: =$G16*BJ16 -> 0 | BN16: =BM16*$B$130 -> 0 | BO16: =$G16*BM16 -> 0 | BQ16: =BP16*$B$131 -> 0 | BR16: =$G16*BP16 -> 0 | BT16: =BS16*$B$132 -> 0 | BU16: =$G16*BS16 -> 0 | BW16: =BV16*$B$133 -> 0 | BX16: =$G16*BV16 -> 0 | BZ16: =BY16*$B$134 -> 0 | CA16: =$G16*BY16 -> 0 | CC16: =CB16*$B$135 -> 0 | CD16: =$G16*CB16 -> 0 | CF16: =CE16*$B$136 -> 0 | CG16: =$G16*CE16 -> 0 | CI16: =CH16*$B$137 -> 0 | CJ16: =$G16*CH16 -> 0 | CL16: =CK16*$B$138 -> 0 | CM16: =$G16*CK16 -> 0 | CO16: =CN16*$B$139 -> 0 | CP16: =$G16*CN16 -> 0 | CR16: =CQ16*$B$140 -> 0 | CS16: =$G16*CQ16 -> 0 | CU16: =CT16*$B$141 -> 0 | CV16: =$G16*CT16 -> 0 | CX16: =CW16*$B$142 -> 0 | CY16: =$G16*CW16 -> 0 | DA16: =CZ16*$B$143 -> 0 | DB16: =$G16*CZ16 -> 0 | DD16: =DC16*$B$144 -> 0 | DE16: =$G16*DC16 -> 0 | DG16: =DF16*$B$145 -> 0 | DH16: =$G16*DF16 -> 0 | DJ16: =DI16*$B$146 -> 0 | DK16: =$G16*DI16 -> 0 | DM16: =DL16*$B$147 -> 0 | DN16: =$G16*DL16 -> 0 | DP16: =DO16*$B$148 -> 0 | DQ16: =$G16*DO16 -> 0 | DS16: =DR16*$B$149 -> 0 | DT16: =$G16*DR16 -> 0 | DV16: =DU16*$B$150 -> 0 | DW16: =$G16*DU16 -> 0 | DY16: =DX16*$B$151 -> 0 | DZ16: =$G16*DX16 -> 0 | EB16: =EA16*$B$152 -> 0 | EC16: =$G16*EA16 -> 0 | EE16: =ED16*$B$153 -> 0 | EF16: =$G16*ED16 -> 0 | EH16: =EG16*$B$154 -> 0 | EI16: =$G16*EG16 -> 0 | EK16: =EJ16*$B$155 -> 0 | EL16: =$G16*EJ16 -> 0 | EN16: =EM16*$B$156 -> 0 | EO16: =$G16*EM16 -> 0
A17: 12 | B17: Lock Set | C17: Sargent | D17: RX-82271-LC x LNJ x hand | E17: 626 | F17: =SUM(I17,L17,O17,BN17,R17,U17,X17,AA17,BZ17,CC17,CF17,AD17,AG17,AJ17,AM17,AP17,AS17,AV17,AY17,BB17,BE17,BH17,BK17,BQ17,BT17,BW17,CI17,CL17,CO17,CR17,CU17,CX17,DA17,DD17,DG17,DJ17,DM17,DP17,DS17,DV17,DY17,EB17,EE17,EH17,EK17,EN17) -> 6 | I17: =H17*$B$111 -> 0 | J17: =$G17*H17 -> 0 | L17: =K17*$B$112 -> 0 | M17: =$G17*K17 -> 0 | O17: =N17*$B$113 -> 0 | P17: =$G17*N17 -> 0 | R17: =Q17*$B$114 -> 0 | S17: =$G17*Q17 -> 0 | U17: =T17*$B$115 -> 0 | V17: =$G17*T17 -> 0 | X17: =W17*$B$116 -> 0 | Y17: =$G17*W17 -> 0 | AA17: =Z17*$B$117 -> 0 | AB17: =$G17*Z17 -> 0 | AD17: =AC17*$B$118 -> 0 | AE17: =$G17*AC17 -> 0 | AG17: =AF17*$B$119 -> 0 | AH17: =$G17*AF17 -> 0 | AI17: 1 | AJ17: =AI17*$B$120 -> 3 | AK17: =$G17*AI17 -> 0 | AL17: 1 | AM17: =AL17*$B$121 -> 2 | AN17: =$G17*AL17 -> 0 | AP17: =AO17*$B$122 -> 0 | AQ17: =$G17*AO17 -> 0 | AR17: 1 | AS17: =AR17*$B$123 -> 1 | AT17: =$G17*AR17 -> 0 | AV17: =AU17*$B$124 -> 0 | AW17: =$G17*AU17 -> 0 | AY17: =AX17*$B$125 -> 0 | AZ17: =$G17*AX17 -> 0 | BB17: =BA17*$B$126 -> 0 | BC17: =$G17*BA17 -> 0 | BE17: =BD17*$B$127 -> 0 | BF17: =$G17*BD17 -> 0 | BH17: =BG17*$B$128 -> 0 | BI17: =$G17*BG17 -> 0 | BK17: =BJ17*$B$129 -> 0 | BL17: =$G17*BJ17 -> 0 | BN17: =BM17*$B$130 -> 0 | BO17: =$G17*BM17 -> 0 | BQ17: =BP17*$B$131 -> 0 | BR17: =$G17*BP17 -> 0 | BT17: =BS17*$B$132 -> 0 | BU17: =$G17*BS17 -> 0 | BW17: =BV17*$B$133 -> 0 | BX17: =$G17*BV17 -> 0 | BZ17: =BY17*$B$134 -> 0 | CA17: =$G17*BY17 -> 0 | CC17: =CB17*$B$135 -> 0 | CD17: =$G17*CB17 -> 0 | CF17: =CE17*$B$136 -> 0 | CG17: =$G17*CE17 -> 0 | CI17: =CH17*$B$137 -> 0 | CJ17: =$G17*CH17 -> 0 | CL17: =CK17*$B$138 -> 0 | CM17: =$G17*CK17 -> 0 | CO17: =CN17*$B$139 -> 0 | CP17: =$G17*CN17 -> 0 | CR17: =CQ17*$B$140 -> 0 | CS17: =$G17*CQ17 -> 0 | CU17: =CT17*$B$141 -> 0 | CV17: =$G17*CT17 -> 0 | CX17: =CW17*$B$142 -> 0 | CY17: =$G17*CW17 -> 0 | DA17: =CZ17*$B$143 -> 0 | DB17: =$G17*CZ17 -> 0 | DD17: =DC17*$B$144 -> 0 | DE17: =$G17*DC17 -> 0 | DG17: =DF17*$B$145 -> 0 | DH17: =$G17*DF17 -> 0 | DJ17: =DI17*$B$146 -> 0 | DK17: =$G17*DI17 -> 0 | DM17: =DL17*$B$147 -> 0 | DN17: =$G17*DL17 -> 0 | DP17: =DO17*$B$148 -> 0 | DQ17: =$G17*DO17 -> 0 | DS17: =DR17*$B$149 -> 0 | DT17: =$G17*DR17 -> 0 | DV17: =DU17*$B$150 -> 0 | DW17: =$G17*DU17 -> 0 | DY17: =DX17*$B$151 -> 0 | DZ17: =$G17*DX17 -> 0 | EB17: =EA17*$B$152 -> 0 | EC17: =$G17*EA17 -> 0 | EE17: =ED17*$B$153 -> 0 | EF17: =$G17*ED17 -> 0 | EH17: =EG17*$B$154 -> 0 | EI17: =$G17*EG17 -> 0 | EK17: =EJ17*$B$155 -> 0 | EL17: =$G17*EJ17 -> 0 | EN17: =EM17*$B$156 -> 0 | EO17: =$G17*EM17 -> 0
A18: 13 | B18: Storeroom Lockset | C18: Sargent | D18: 56-8204 x LNJ x hand | E18: 626 | F18: =SUM(I18,L18,O18,BN18,R18,U18,X18,AA18,BZ18,CC18,CF18,AD18,AG18,AJ18,AM18,AP18,AS18,AV18,AY18,BB18,BE18,BH18,BK18,BQ18,BT18,BW18,CI18,CL18,CO18,CR18,CU18,CX18,DA18,DD18,DG18,DJ18,DM18,DP18,DS18,DV18,DY18,EB18,EE18,EH18,EK18,EN18) -> 1 | I18: =H18*$B$111 -> 0 | J18: =$G18*H18 -> 0 | L18: =K18*$B$112 -> 0 | M18: =$G18*K18 -> 0 | O18: =N18*$B$113 -> 0 | P18: =$G18*N18 -> 0 | R18: =Q18*$B$114 -> 0 | S18: =$G18*Q18 -> 0 | U18: =T18*$B$115 -> 0 | V18: =$G18*T18 -> 0 | X18: =W18*$B$116 -> 0 | Y18: =$G18*W18 -> 0 | AA18: =Z18*$B$117 -> 0 | AB18: =$G18*Z18 -> 0 | AD18: =AC18*$B$118 -> 0 | AE18: =$G18*AC18 -> 0 | AG18: =AF18*$B$119 -> 0 | AH18: =$G18*AF18 -> 0 | AJ18: =AI18*$B$120 -> 0 | AK18: =$G18*AI18 -> 0 | AM18: =AL18*$B$121 -> 0 | AN18: =$G18*AL18 -> 0 | AO18: 1 | AP18: =AO18*$B$122 -> 1 | AQ18: =$G18*AO18 -> 0 | AS18: =AR18*$B$123 -> 0 | AT18: =$G18*AR18 -> 0 | AV18: =AU18*$B$124 -> 0 | AW18: =$G18*AU18 -> 0 | AY18: =AX18*$B$125 -> 0 | AZ18: =$G18*AX18 -> 0 | BB18: =BA18*$B$126 -> 0 | BC18: =$G18*BA18 -> 0 | BE18: =BD18*$B$127 -> 0 | BF18: =$G18*BD18 -> 0 | BH18: =BG18*$B$128 -> 0 | BI18: =$G18*BG18 -> 0 | BK18: =BJ18*$B$129 -> 0 | BL18: =$G18*BJ18 -> 0 | BN18: =BM18*$B$130 -> 0 | BO18: =$G18*BM18 -> 0 | BQ18: =BP18*$B$131 -> 0 | BR18: =$G18*BP18 -> 0 | BT18: =BS18*$B$132 -> 0 | BU18: =$G18*BS18 -> 0 | BW18: =BV18*$B$133 -> 0 | BX18: =$G18*BV18 -> 0 | BZ18: =BY18*$B$134 -> 0 | CA18: =$G18*BY18 -> 0 | CC18: =CB18*$B$135 -> 0 | CD18: =$G18*CB18 -> 0 | CF18: =CE18*$B$136 -> 0 | CG18: =$G18*CE18 -> 0 | CI18: =CH18*$B$137 -> 0 | CJ18: =$G18*CH18 -> 0 | CL18: =CK18*$B$138 -> 0 | CM18: =$G18*CK18 -> 0 | CO18: =CN18*$B$139 -> 0 | CP18: =$G18*CN18 -> 0 | CR18: =CQ18*$B$140 -> 0 | CS18: =$G18*CQ18 -> 0 | CU18: =CT18*$B$141 -> 0 | CV18: =$G18*CT18 -> 0 | CX18: =CW18*$B$142 -> 0 | CY18: =$G18*CW18 -> 0 | DA18: =CZ18*$B$143 -> 0 | DB18: =$G18*CZ18 -> 0 | DD18: =DC18*$B$144 -> 0 | DE18: =$G18*DC18 -> 0 | DG18: =DF18*$B$145 -> 0 | DH18: =$G18*DF18 -> 0 | DJ18: =DI18*$B$146 -> 0 | DK18: =$G18*DI18 -> 0 | DM18: =DL18*$B$147 -> 0 | DN18: =$G18*DL18 -> 0 | DP18: =DO18*$B$148 -> 0 | DQ18: =$G18*DO18 -> 0 | DS18: =DR18*$B$149 -> 0 | DT18: =$G18*DR18 -> 0 | DV18: =DU18*$B$150 -> 0 | DW18: =$G18*DU18 -> 0 | DY18: =DX18*$B$151 -> 0 | DZ18: =$G18*DX18 -> 0 | EB18: =EA18*$B$152 -> 0 | EC18: =$G18*EA18 -> 0 | EE18: =ED18*$B$153 -> 0 | EF18: =$G18*ED18 -> 0 | EH18: =EG18*$B$154 -> 0 | EI18: =$G18*EG18 -> 0 | EK18: =EJ18*$B$155 -> 0 | EL18: =$G18*EJ18 -> 0 | EN18: =EM18*$B$156 -> 0 | EO18: =$G18*EM18 -> 0
A19: 14 | B19: Lock Set | C19: Sargent | D19: 10XG37 -LL | E19: 626 | F19: =SUM(I19,L19,O19,BN19,R19,U19,X19,AA19,BZ19,CC19,CF19,AD19,AG19,AJ19,AM19,AP19,AS19,AV19,AY19,BB19,BE19,BH19,BK19,BQ19,BT19,BW19,CI19,CL19,CO19,CR19,CU19,CX19,DA19,DD19,DG19,DJ19,DM19,DP19,DS19,DV19,DY19,EB19,EE19,EH19,EK19,EN19) -> 2 | I19: =H19*$B$111 -> 0 | J19: =$G19*H19 -> 0 | L19: =K19*$B$112 -> 0 | M19: =$G19*K19 -> 0 | O19: =N19*$B$113 -> 0 | P19: =$G19*N19 -> 0 | R19: =Q19*$B$114 -> 0 | S19: =$G19*Q19 -> 0 | U19: =T19*$B$115 -> 0 | V19: =$G19*T19 -> 0 | X19: =W19*$B$116 -> 0 | Y19: =$G19*W19 -> 0 | AA19: =Z19*$B$117 -> 0 | AB19: =$G19*Z19 -> 0 | AD19: =AC19*$B$118 -> 0 | AE19: =$G19*AC19 -> 0 | AG19: =AF19*$B$119 -> 0 | AH19: =$G19*AF19 -> 0 | AJ19: =AI19*$B$120 -> 0 | AK19: =$G19*AI19 -> 0 | AM19: =AL19*$B$121 -> 0 | AN19: =$G19*AL19 -> 0 | AP19: =AO19*$B$122 -> 0 | AQ19: =$G19*AO19 -> 0 | AS19: =AR19*$B$123 -> 0 | AT19: =$G19*AR19 -> 0 | AV19: =AU19*$B$124 -> 0 | AW19: =$G19*AU19 -> 0 | AY19: =AX19*$B$125 -> 0 | AZ19: =$G19*AX19 -> 0 | BA19: 1 | BB19: =BA19*$B$126 -> 2 | BC19: =$G19*BA19 -> 0 | BE19: =BD19*$B$127 -> 0 | BF19: =$G19*BD19 -> 0 | BH19: =BG19*$B$128 -> 0 | BI19: =$G19*BG19 -> 0 | BK19: =BJ19*$B$129 -> 0 | BL19: =$G19*BJ19 -> 0 | BN19: =BM19*$B$130 -> 0 | BO19: =$G19*BM19 -> 0 | BQ19: =BP19*$B$131 -> 0 | BR19: =$G19*BP19 -> 0 | BT19: =BS19*$B$132 -> 0 | BU19: =$G19*BS19 -> 0 | BW19: =BV19*$B$133 -> 0 | BX19: =$G19*BV19 -> 0 | BZ19: =BY19*$B$134 -> 0 | CA19: =$G19*BY19 -> 0 | CC19: =CB19*$B$135 -> 0 | CD19: =$G19*CB19 -> 0 | CF19: =CE19*$B$136 -> 0 | CG19: =$G19*CE19 -> 0 | CI19: =CH19*$B$137 -> 0 | CJ19: =$G19*CH19 -> 0 | CL19: =CK19*$B$138 -> 0 | CM19: =$G19*CK19 -> 0 | CO19: =CN19*$B$139 -> 0 | CP19: =$G19*CN19 -> 0 | CR19: =CQ19*$B$140 -> 0 | CS19: =$G19*CQ19 -> 0 | CU19: =CT19*$B$141 -> 0 | CV19: =$G19*CT19 -> 0 | CX19: =CW19*$B$142 -> 0 | CY19: =$G19*CW19 -> 0 | DA19: =CZ19*$B$143 -> 0 | DB19: =$G19*CZ19 -> 0 | DD19: =DC19*$B$144 -> 0 | DE19: =$G19*DC19 -> 0 | DG19: =DF19*$B$145 -> 0 | DH19: =$G19*DF19 -> 0 | DJ19: =DI19*$B$146 -> 0 | DK19: =$G19*DI19 -> 0 | DM19: =DL19*$B$147 -> 0 | DN19: =$G19*DL19 -> 0 | DP19: =DO19*$B$148 -> 0 | DQ19: =$G19*DO19 -> 0 | DS19: =DR19*$B$149 -> 0 | DT19: =$G19*DR19 -> 0 | DV19: =DU19*$B$150 -> 0 | DW19: =$G19*DU19 -> 0 | DY19: =DX19*$B$151 -> 0 | DZ19: =$G19*DX19 -> 0 | EB19: =EA19*$B$152 -> 0 | EC19: =$G19*EA19 -> 0 | EE19: =ED19*$B$153 -> 0 | EF19: =$G19*ED19 -> 0 | EH19: =EG19*$B$154 -> 0 | EI19: =$G19*EG19 -> 0 | EK19: =EJ19*$B$155 -> 0 | EL19: =$G19*EJ19 -> 0 | EN19: =EM19*$B$156 -> 0 | EO19: =$G19*EM19 -> 0
A20: 15 | B20: Storeroom Lockset | C20: Sargent | D20: 8204-LC x LNJ x hand | E20: 626 | F20: =SUM(I20,L20,O20,BN20,R20,U20,X20,AA20,BZ20,CC20,CF20,AD20,AG20,AJ20,AM20,AP20,AS20,AV20,AY20,BB20,BE20,BH20,BK20,BQ20,BT20,BW20,CI20,CL20,CO20,CR20,CU20,CX20,DA20,DD20,DG20,DJ20,DM20,DP20,DS20,DV20,DY20,EB20,EE20,EH20,EK20,EN20) -> 2 | I20: =H20*$B$111 -> 0 | J20: =$G20*H20 -> 0 | L20: =K20*$B$112 -> 0 | M20: =$G20*K20 -> 0 | O20: =N20*$B$113 -> 0 | P20: =$G20*N20 -> 0 | R20: =Q20*$B$114 -> 0 | S20: =$G20*Q20 -> 0 | U20: =T20*$B$115 -> 0 | V20: =$G20*T20 -> 0 | X20: =W20*$B$116 -> 0 | Y20: =$G20*W20 -> 0 | AA20: =Z20*$B$117 -> 0 | AB20: =$G20*Z20 -> 0 | AD20: =AC20*$B$118 -> 0 | AE20: =$G20*AC20 -> 0 | AG20: =AF20*$B$119 -> 0 | AH20: =$G20*AF20 -> 0 | AJ20: =AI20*$B$120 -> 0 | AK20: =$G20*AI20 -> 0 | AM20: =AL20*$B$121 -> 0 | AN20: =$G20*AL20 -> 0 | AP20: =AO20*$B$122 -> 0 | AQ20: =$G20*AO20 -> 0 | AS20: =AR20*$B$123 -> 0 | AT20: =$G20*AR20 -> 0 | AV20: =AU20*$B$124 -> 0 | AW20: =$G20*AU20 -> 0 | AY20: =AX20*$B$125 -> 0 | AZ20: =$G20*AX20 -> 0 | BB20: =BA20*$B$126 -> 0 | BC20: =$G20*BA20 -> 0 | BD20: 1 | BE20: =BD20*$B$127 -> 1 | BF20: =$G20*BD20 -> 0 | BG20: 1 | BH20: =BG20*$B$128 -> 1 | BI20: =$G20*BG20 -> 0 | BK20: =BJ20*$B$129 -> 0 | BL20: =$G20*BJ20 -> 0 | BN20: =BM20*$B$130 -> 0 | BO20: =$G20*BM20 -> 0 | BQ20: =BP20*$B$131 -> 0 | BR20: =$G20*BP20 -> 0 | BT20: =BS20*$B$132 -> 0 | BU20: =$G20*BS20 -> 0 | BW20: =BV20*$B$133 -> 0 | BX20: =$G20*BV20 -> 0 | BZ20: =BY20*$B$134 -> 0 | CA20: =$G20*BY20 -> 0 | CC20: =CB20*$B$135 -> 0 | CD20: =$G20*CB20 -> 0 | CF20: =CE20*$B$136 -> 0 | CG20: =$G20*CE20 -> 0 | CI20: =CH20*$B$137 -> 0 | CJ20: =$G20*CH20 -> 0 | CL20: =CK20*$B$138 -> 0 | CM20: =$G20*CK20 -> 0 | CO20: =CN20*$B$139 -> 0 | CP20: =$G20*CN20 -> 0 | CR20: =CQ20*$B$140 -> 0 | CS20: =$G20*CQ20 -> 0 | CU20: =CT20*$B$141 -> 0 | CV20: =$G20*CT20 -> 0 | CX20: =CW20*$B$142 -> 0 | CY20: =$G20*CW20 -> 0 | DA20: =CZ20*$B$143 -> 0 | DB20: =$G20*CZ20 -> 0 | DD20: =DC20*$B$144 -> 0 | DE20: =$G20*DC20 -> 0 | DG20: =DF20*$B$145 -> 0 | DH20: =$G20*DF20 -> 0 | DJ20: =DI20*$B$146 -> 0 | DK20: =$G20*DI20 -> 0 | DM20: =DL20*$B$147 -> 0 | DN20: =$G20*DL20 -> 0 | DP20: =DO20*$B$148 -> 0 | DQ20: =$G20*DO20 -> 0 | DS20: =DR20*$B$149 -> 0 | DT20: =$G20*DR20 -> 0 | DV20: =DU20*$B$150 -> 0 | DW20: =$G20*DU20 -> 0 | DY20: =DX20*$B$151 -> 0 | DZ20: =$G20*DX20 -> 0 | EB20: =EA20*$B$152 -> 0 | EC20: =$G20*EA20 -> 0 | EE20: =ED20*$B$153 -> 0 | EF20: =$G20*ED20 -> 0 | EH20: =EG20*$B$154 -> 0 | EI20: =$G20*EG20 -> 0 | EK20: =EJ20*$B$155 -> 0 | EL20: =$G20*EJ20 -> 0 | EN20: =EM20*$B$156 -> 0 | EO20: =$G20*EM20 -> 0
A21: 16 | B21: Keyswitch | C21: Securitron | D21: MKAN2 | E21: 630 | F21: =SUM(I21,L21,O21,BN21,R21,U21,X21,AA21,BZ21,CC21,CF21,AD21,AG21,AJ21,AM21,AP21,AS21,AV21,AY21,BB21,BE21,BH21,BK21,BQ21,BT21,BW21,CI21,CL21,CO21,CR21,CU21,CX21,DA21,DD21,DG21,DJ21,DM21,DP21,DS21,DV21,DY21,EB21,EE21,EH21,EK21,EN21) -> 2 | H21: 1 | I21: =H21*$B$111 -> 1 | J21: =$G21*H21 -> 0 | L21: =K21*$B$112 -> 0 | M21: =$G21*K21 -> 0 | O21: =N21*$B$113 -> 0 | P21: =$G21*N21 -> 0 | R21: =Q21*$B$114 -> 0 | S21: =$G21*Q21 -> 0 | U21: =T21*$B$115 -> 0 | V21: =$G21*T21 -> 0 | X21: =W21*$B$116 -> 0 | Y21: =$G21*W21 -> 0 | AA21: =Z21*$B$117 -> 0 | AB21: =$G21*Z21 -> 0 | AC21: 1 | AD21: =AC21*$B$118 -> 1 | AE21: =$G21*AC21 -> 0 | AG21: =AF21*$B$119 -> 0 | AH21: =$G21*AF21 -> 0 | AJ21: =AI21*$B$120 -> 0 | AK21: =$G21*AI21 -> 0 | AM21: =AL21*$B$121 -> 0 | AN21: =$G21*AL21 -> 0 | AP21: =AO21*$B$122 -> 0 | AQ21: =$G21*AO21 -> 0 | AS21: =AR21*$B$123 -> 0 | AT21: =$G21*AR21 -> 0 | AV21: =AU21*$B$124 -> 0 | AW21: =$G21*AU21 -> 0 | AY21: =AX21*$B$125 -> 0 | AZ21: =$G21*AX21 -> 0 | BB21: =BA21*$B$126 -> 0 | BC21: =$G21*BA21 -> 0 | BE21: =BD21*$B$127 -> 0 | BF21: =$G21*BD21 -> 0 | BH21: =BG21*$B$128 -> 0 | BI21: =$G21*BG21 -> 0 | BK21: =BJ21*$B$129 -> 0 | BL21: =$G21*BJ21 -> 0 | BN21: =BM21*$B$130 -> 0 | BO21: =$G21*BM21 -> 0 | BQ21: =BP21*$B$131 -> 0 | BR21: =$G21*BP21 -> 0 | BT21: =BS21*$B$132 -> 0 | BU21: =$G21*BS21 -> 0 | BW21: =BV21*$B$133 -> 0 | BX21: =$G21*BV21 -> 0 | BZ21: =BY21*$B$134 -> 0 | CA21: =$G21*BY21 -> 0 | CC21: =CB21*$B$135 -> 0 | CD21: =$G21*CB21 -> 0 | CF21: =CE21*$B$136 -> 0 | CG21: =$G21*CE21 -> 0 | CI21: =CH21*$B$137 -> 0 | CJ21: =$G21*CH21 -> 0 | CL21: =CK21*$B$138 -> 0 | CM21: =$G21*CK21 -> 0 | CO21: =CN21*$B$139 -> 0 | CP21: =$G21*CN21 -> 0 | CR21: =CQ21*$B$140 -> 0 | CS21: =$G21*CQ21 -> 0 | CU21: =CT21*$B$141 -> 0 | CV21: =$G21*CT21 -> 0 | CX21: =CW21*$B$142 -> 0 | CY21: =$G21*CW21 -> 0 | DA21: =CZ21*$B$143 -> 0 | DB21: =$G21*CZ21 -> 0 | DD21: =DC21*$B$144 -> 0 | DE21: =$G21*DC21 -> 0 | DG21: =DF21*$B$145 -> 0 | DH21: =$G21*DF21 -> 0 | DJ21: =DI21*$B$146 -> 0 | DK21: =$G21*DI21 -> 0 | DM21: =DL21*$B$147 -> 0 | DN21: =$G21*DL21 -> 0 | DP21: =DO21*$B$148 -> 0 | DQ21: =$G21*DO21 -> 0 | DS21: =DR21*$B$149 -> 0 | DT21: =$G21*DR21 -> 0 | DV21: =DU21*$B$150 -> 0 | DW21: =$G21*DU21 -> 0 | DY21: =DX21*$B$151 -> 0 | DZ21: =$G21*DX21 -> 0 | EB21: =EA21*$B$152 -> 0 | EC21: =$G21*EA21 -> 0 | EE21: =ED21*$B$153 -> 0 | EF21: =$G21*ED21 -> 0 | EH21: =EG21*$B$154 -> 0 | EI21: =$G21*EG21 -> 0 | EK21: =EJ21*$B$155 -> 0 | EL21: =$G21*EJ21 -> 0 | EN21: =EM21*$B$156 -> 0 | EO21: =$G21*EM21 -> 0
A22: 17 | B22: Connector | C22: ElectroLynx | D22: QC-C300 | F22: =SUM(I22,L22,O22,BN22,R22,U22,X22,AA22,BZ22,CC22,CF22,AD22,AG22,AJ22,AM22,AP22,AS22,AV22,AY22,BB22,BE22,BH22,BK22,BQ22,BT22,BW22,CI22,CL22,CO22,CR22,CU22,CX22,DA22,DD22,DG22,DJ22,DM22,DP22,DS22,DV22,DY22,EB22,EE22,EH22,EK22,EN22) -> 7 | H22: 2 | I22: =H22*$B$111 -> 2 | J22: =$G22*H22 -> 0 | L22: =K22*$B$112 -> 0 | M22: =$G22*K22 -> 0 | O22: =N22*$B$113 -> 0 | P22: =$G22*N22 -> 0 | Q22: 2 | R22: =Q22*$B$114 -> 2 | S22: =$G22*Q22 -> 0 | T22: 2 | U22: =T22*$B$115 -> 2 | V22: =$G22*T22 -> 0 | X22: =W22*$B$116 -> 0 | Y22: =$G22*W22 -> 0 | AA22: =Z22*$B$117 -> 0 | AB22: =$G22*Z22 -> 0 | AC22: 1 | AD22: =AC22*$B$118 -> 1 | AE22: =$G22*AC22 -> 0 | AG22: =AF22*$B$119 -> 0 | AH22: =$G22*AF22 -> 0 | AJ22: =AI22*$B$120 -> 0 | AK22: =$G22*AI22 -> 0 | AM22: =AL22*$B$121 -> 0 | AN22: =$G22*AL22 -> 0 | AP22: =AO22*$B$122 -> 0 | AQ22: =$G22*AO22 -> 0 | AS22: =AR22*$B$123 -> 0 | AT22: =$G22*AR22 -> 0 | AV22: =AU22*$B$124 -> 0 | AW22: =$G22*AU22 -> 0 | AY22: =AX22*$B$125 -> 0 | AZ22: =$G22*AX22 -> 0 | BB22: =BA22*$B$126 -> 0 | BC22: =$G22*BA22 -> 0 | BE22: =BD22*$B$127 -> 0 | BF22: =$G22*BD22 -> 0 | BH22: =BG22*$B$128 -> 0 | BI22: =$G22*BG22 -> 0 | BK22: =BJ22*$B$129 -> 0 | BL22: =$G22*BJ22 -> 0 | BN22: =BM22*$B$130 -> 0 | BO22: =$G22*BM22 -> 0 | BQ22: =BP22*$B$131 -> 0 | BR22: =$G22*BP22 -> 0 | BT22: =BS22*$B$132 -> 0 | BU22: =$G22*BS22 -> 0 | BW22: =BV22*$B$133 -> 0 | BX22: =$G22*BV22 -> 0 | BZ22: =BY22*$B$134 -> 0 | CA22: =$G22*BY22 -> 0 | CC22: =CB22*$B$135 -> 0 | CD22: =$G22*CB22 -> 0 | CF22: =CE22*$B$136 -> 0 | CG22: =$G22*CE22 -> 0 | CI22: =CH22*$B$137 -> 0 | CJ22: =$G22*CH22 -> 0 | CL22: =CK22*$B$138 -> 0 | CM22: =$G22*CK22 -> 0 | CO22: =CN22*$B$139 -> 0 | CP22: =$G22*CN22 -> 0 | CR22: =CQ22*$B$140 -> 0 | CS22: =$G22*CQ22 -> 0 | CU22: =CT22*$B$141 -> 0 | CV22: =$G22*CT22 -> 0 | CX22: =CW22*$B$142 -> 0 | CY22: =$G22*CW22 -> 0 | DA22: =CZ22*$B$143 -> 0 | DB22: =$G22*CZ22 -> 0 | DD22: =DC22*$B$144 -> 0 | DE22: =$G22*DC22 -> 0 | DG22: =DF22*$B$145 -> 0 | DH22: =$G22*DF22 -> 0 | DJ22: =DI22*$B$146 -> 0 | DK22: =$G22*DI22 -> 0 | DM22: =DL22*$B$147 -> 0 | DN22: =$G22*DL22 -> 0 | DP22: =DO22*$B$148 -> 0 | DQ22: =$G22*DO22 -> 0 | DS22: =DR22*$B$149 -> 0 | DT22: =$G22*DR22 -> 0 | DV22: =DU22*$B$150 -> 0 | DW22: =$G22*DU22 -> 0 | DY22: =DX22*$B$151 -> 0 | DZ22: =$G22*DX22 -> 0 | EB22: =EA22*$B$152 -> 0 | EC22: =$G22*EA22 -> 0 | EE22: =ED22*$B$153 -> 0 | EF22: =$G22*ED22 -> 0 | EH22: =EG22*$B$154 -> 0 | EI22: =$G22*EG22 -> 0 | EK22: =EJ22*$B$155 -> 0 | EL22: =$G22*EJ22 -> 0 | EN22: =EM22*$B$156 -> 0 | EO22: =$G22*EM22 -> 0
A23: 18 | B23: Connector | C23: ElectroLynx | D23: QC-C1500P | F23: =SUM(I23,L23,O23,BN23,R23,U23,X23,AA23,BZ23,CC23,CF23,AD23,AG23,AJ23,AM23,AP23,AS23,AV23,AY23,BB23,BE23,BH23,BK23,BQ23,BT23,BW23,CI23,CL23,CO23,CR23,CU23,CX23,DA23,DD23,DG23,DJ23,DM23,DP23,DS23,DV23,DY23,EB23,EE23,EH23,EK23,EN23) -> 7 | H23: 2 | I23: =H23*$B$111 -> 2 | J23: =$G23*H23 -> 0 | L23: =K23*$B$112 -> 0 | M23: =$G23*K23 -> 0 | O23: =N23*$B$113 -> 0 | P23: =$G23*N23 -> 0 | Q23: 2 | R23: =Q23*$B$114 -> 2 | S23: =$G23*Q23 -> 0 | T23: 2 | U23: =T23*$B$115 -> 2 | V23: =$G23*T23 -> 0 | X23: =W23*$B$116 -> 0 | Y23: =$G23*W23 -> 0 | AA23: =Z23*$B$117 -> 0 | AB23: =$G23*Z23 -> 0 | AC23: 1 | AD23: =AC23*$B$118 -> 1 | AE23: =$G23*AC23 -> 0 | AG23: =AF23*$B$119 -> 0 | AH23: =$G23*AF23 -> 0 | AJ23: =AI23*$B$120 -> 0 | AK23: =$G23*AI23 -> 0 | AM23: =AL23*$B$121 -> 0 | AN23: =$G23*AL23 -> 0 | AP23: =AO23*$B$122 -> 0 | AQ23: =$G23*AO23 -> 0 | AS23: =AR23*$B$123 -> 0 | AT23: =$G23*AR23 -> 0 | AV23: =AU23*$B$124 -> 0 | AW23: =$G23*AU23 -> 0 | AY23: =AX23*$B$125 -> 0 | AZ23: =$G23*AX23 -> 0 | BB23: =BA23*$B$126 -> 0 | BC23: =$G23*BA23 -> 0 | BE23: =BD23*$B$127 -> 0 | BF23: =$G23*BD23 -> 0 | BH23: =BG23*$B$128 -> 0 | BI23: =$G23*BG23 -> 0 | BK23: =BJ23*$B$129 -> 0 | BL23: =$G23*BJ23 -> 0 | BN23: =BM23*$B$130 -> 0 | BO23: =$G23*BM23 -> 0 | BQ23: =BP23*$B$131 -> 0 | BR23: =$G23*BP23 -> 0 | BT23: =BS23*$B$132 -> 0 | BU23: =$G23*BS23 -> 0 | BW23: =BV23*$B$133 -> 0 | BX23: =$G23*BV23 -> 0 | BZ23: =BY23*$B$134 -> 0 | CA23: =$G23*BY23 -> 0 | CC23: =CB23*$B$135 -> 0 | CD23: =$G23*CB23 -> 0 | CF23: =CE23*$B$136 -> 0 | CG23: =$G23*CE23 -> 0 | CI23: =CH23*$B$137 -> 0 | CJ23: =$G23*CH23 -> 0 | CL23: =CK23*$B$138 -> 0 | CM23: =$G23*CK23 -> 0 | CO23: =CN23*$B$139 -> 0 | CP23: =$G23*CN23 -> 0 | CR23: =CQ23*$B$140 -> 0 | CS23: =$G23*CQ23 -> 0 | CU23: =CT23*$B$141 -> 0 | CV23: =$G23*CT23 -> 0 | CX23: =CW23*$B$142 -> 0 | CY23: =$G23*CW23 -> 0 | DA23: =CZ23*$B$143 -> 0 | DB23: =$G23*CZ23 -> 0 | DD23: =DC23*$B$144 -> 0 | DE23: =$G23*DC23 -> 0 | DG23: =DF23*$B$145 -> 0 | DH23: =$G23*DF23 -> 0 | DJ23: =DI23*$B$146 -> 0 | DK23: =$G23*DI23 -> 0 | DM23: =DL23*$B$147 -> 0 | DN23: =$G23*DL23 -> 0 | DP23: =DO23*$B$148 -> 0 | DQ23: =$G23*DO23 -> 0 | DS23: =DR23*$B$149 -> 0 | DT23: =$G23*DR23 -> 0 | DV23: =DU23*$B$150 -> 0 | DW23: =$G23*DU23 -> 0 | DY23: =DX23*$B$151 -> 0 | DZ23: =$G23*DX23 -> 0 | EB23: =EA23*$B$152 -> 0 | EC23: =$G23*EA23 -> 0 | EE23: =ED23*$B$153 -> 0 | EF23: =$G23*ED23 -> 0 | EH23: =EG23*$B$154 -> 0 | EI23: =$G23*EG23 -> 0 | EK23: =EJ23*$B$155 -> 0 | EL23: =$G23*EJ23 -> 0 | EN23: =EM23*$B$156 -> 0 | EO23: =$G23*EM23 -> 0
A24: 19 | B24: Operator | C24: Record | D24: 8100 Full Width Header | F24: =SUM(I24,L24,O24,BN24,R24,U24,X24,AA24,BZ24,CC24,CF24,AD24,AG24,AJ24,AM24,AP24,AS24,AV24,AY24,BB24,BE24,BH24,BK24,BQ24,BT24,BW24,CI24,CL24,CO24,CR24,CU24,CX24,DA24,DD24,DG24,DJ24,DM24,DP24,DS24,DV24,DY24,EB24,EE24,EH24,EK24,EN24) -> 12 | H24: 2 | I24: =H24*$B$111 -> 2 | J24: =$G24*H24 -> 0 | L24: =K24*$B$112 -> 0 | M24: =$G24*K24 -> 0 | O24: =N24*$B$113 -> 0 | P24: =$G24*N24 -> 0 | Q24: 2 | R24: =Q24*$B$114 -> 2 | S24: =$G24*Q24 -> 0 | T24: 2 | U24: =T24*$B$115 -> 2 | V24: =$G24*T24 -> 0 | W24: 1 | X24: =W24*$B$116 -> 4 | Y24: =$G24*W24 -> 0 | Z24: 1 | AA24: =Z24*$B$117 -> 1 | AB24: =$G24*Z24 -> 0 | AC24: 1 | AD24: =AC24*$B$118 -> 1 | AE24: =$G24*AC24 -> 0 | AG24: =AF24*$B$119 -> 0 | AH24: =$G24*AF24 -> 0 | AJ24: =AI24*$B$120 -> 0 | AK24: =$G24*AI24 -> 0 | AM24: =AL24*$B$121 -> 0 | AN24: =$G24*AL24 -> 0 | AP24: =AO24*$B$122 -> 0 | AQ24: =$G24*AO24 -> 0 | AS24: =AR24*$B$123 -> 0 | AT24: =$G24*AR24 -> 0 | AV24: =AU24*$B$124 -> 0 | AW24: =$G24*AU24 -> 0 | AY24: =AX24*$B$125 -> 0 | AZ24: =$G24*AX24 -> 0 | BB24: =BA24*$B$126 -> 0 | BC24: =$G24*BA24 -> 0 | BE24: =BD24*$B$127 -> 0 | BF24: =$G24*BD24 -> 0 | BH24: =BG24*$B$128 -> 0 | BI24: =$G24*BG24 -> 0 | BK24: =BJ24*$B$129 -> 0 | BL24: =$G24*BJ24 -> 0 | BN24: =BM24*$B$130 -> 0 | BO24: =$G24*BM24 -> 0 | BQ24: =BP24*$B$131 -> 0 | BR24: =$G24*BP24 -> 0 | BT24: =BS24*$B$132 -> 0 | BU24: =$G24*BS24 -> 0 | BW24: =BV24*$B$133 -> 0 | BX24: =$G24*BV24 -> 0 | BZ24: =BY24*$B$134 -> 0 | CA24: =$G24*BY24 -> 0 | CC24: =CB24*$B$135 -> 0 | CD24: =$G24*CB24 -> 0 | CF24: =CE24*$B$136 -> 0 | CG24: =$G24*CE24 -> 0 | CI24: =CH24*$B$137 -> 0 | CJ24: =$G24*CH24 -> 0 | CL24: =CK24*$B$138 -> 0 | CM24: =$G24*CK24 -> 0 | CO24: =CN24*$B$139 -> 0 | CP24: =$G24*CN24 -> 0 | CR24: =CQ24*$B$140 -> 0 | CS24: =$G24*CQ24 -> 0 | CU24: =CT24*$B$141 -> 0 | CV24: =$G24*CT24 -> 0 | CX24: =CW24*$B$142 -> 0 | CY24: =$G24*CW24 -> 0 | DA24: =CZ24*$B$143 -> 0 | DB24: =$G24*CZ24 -> 0 | DD24: =DC24*$B$144 -> 0 | DE24: =$G24*DC24 -> 0 | DG24: =DF24*$B$145 -> 0 | DH24: =$G24*DF24 -> 0 | DJ24: =DI24*$B$146 -> 0 | DK24: =$G24*DI24 -> 0 | DM24: =DL24*$B$147 -> 0 | DN24: =$G24*DL24 -> 0 | DP24: =DO24*$B$148 -> 0 | DQ24: =$G24*DO24 -> 0 | DS24: =DR24*$B$149 -> 0 | DT24: =$G24*DR24 -> 0 | DV24: =DU24*$B$150 -> 0 | DW24: =$G24*DU24 -> 0 | DY24: =DX24*$B$151 -> 0 | DZ24: =$G24*DX24 -> 0 | EB24: =EA24*$B$152 -> 0 | EC24: =$G24*EA24 -> 0 | EE24: =ED24*$B$153 -> 0 | EF24: =$G24*ED24 -> 0 | EH24: =EG24*$B$154 -> 0 | EI24: =$G24*EG24 -> 0 | EK24: =EJ24*$B$155 -> 0 | EL24: =$G24*EJ24 -> 0 | EN24: =EM24*$B$156 -> 0 | EO24: =$G24*EM24 -> 0
A25: 20 | B25: Sensor | C25: BEA | D25: Superscan x length | F25: =SUM(I25,L25,O25,BN25,R25,U25,X25,AA25,BZ25,CC25,CF25,AD25,AG25,AJ25,AM25,AP25,AS25,AV25,AY25,BB25,BE25,BH25,BK25,BQ25,BT25,BW25,CI25,CL25,CO25,CR25,CU25,CX25,DA25,DD25,DG25,DJ25,DM25,DP25,DS25,DV25,DY25,EB25,EE25,EH25,EK25,EN25) -> 24 | H25: 4 | I25: =H25*$B$111 -> 4 | J25: =$G25*H25 -> 0 | L25: =K25*$B$112 -> 0 | M25: =$G25*K25 -> 0 | O25: =N25*$B$113 -> 0 | P25: =$G25*N25 -> 0 | Q25: 4 | R25: =Q25*$B$114 -> 4 | S25: =$G25*Q25 -> 0 | T25: 4 | U25: =T25*$B$115 -> 4 | V25: =$G25*T25 -> 0 | W25: 2 | X25: =W25*$B$116 -> 8 | Y25: =$G25*W25 -> 0 | Z25: 2 | AA25: =Z25*$B$117 -> 2 | AB25: =$G25*Z25 -> 0 | AC25: 2 | AD25: =AC25*$B$118 -> 2 | AE25: =$G25*AC25 -> 0 | AG25: =AF25*$B$119 -> 0 | AH25: =$G25*AF25 -> 0 | AJ25: =AI25*$B$120 -> 0 | AK25: =$G25*AI25 -> 0 | AM25: =AL25*$B$121 -> 0 | AN25: =$G25*AL25 -> 0 | AP25: =AO25*$B$122 -> 0 | AQ25: =$G25*AO25 -> 0 | AS25: =AR25*$B$123 -> 0 | AT25: =$G25*AR25 -> 0 | AV25: =AU25*$B$124 -> 0 | AW25: =$G25*AU25 -> 0 | AY25: =AX25*$B$125 -> 0 | AZ25: =$G25*AX25 -> 0 | BB25: =BA25*$B$126 -> 0 | BC25: =$G25*BA25 -> 0 | BE25: =BD25*$B$127 -> 0 | BF25: =$G25*BD25 -> 0 | BH25: =BG25*$B$128 -> 0 | BI25: =$G25*BG25 -> 0 | BK25: =BJ25*$B$129 -> 0 | BL25: =$G25*BJ25 -> 0 | BN25: =BM25*$B$130 -> 0 | BO25: =$G25*BM25 -> 0 | BQ25: =BP25*$B$131 -> 0 | BR25: =$G25*BP25 -> 0 | BT25: =BS25*$B$132 -> 0 | BU25: =$G25*BS25 -> 0 | BW25: =BV25*$B$133 -> 0 | BX25: =$G25*BV25 -> 0 | BZ25: =BY25*$B$134 -> 0 | CA25: =$G25*BY25 -> 0 | CC25: =CB25*$B$135 -> 0 | CD25: =$G25*CB25 -> 0 | CF25: =CE25*$B$136 -> 0 | CG25: =$G25*CE25 -> 0 | CI25: =CH25*$B$137 -> 0 | CJ25: =$G25*CH25 -> 0 | CL25: =CK25*$B$138 -> 0 | CM25: =$G25*CK25 -> 0 | CO25: =CN25*$B$139 -> 0 | CP25: =$G25*CN25 -> 0 | CR25: =CQ25*$B$140 -> 0 | CS25: =$G25*CQ25 -> 0 | CU25: =CT25*$B$141 -> 0 | CV25: =$G25*CT25 -> 0 | CX25: =CW25*$B$142 -> 0 | CY25: =$G25*CW25 -> 0 | DA25: =CZ25*$B$143 -> 0 | DB25: =$G25*CZ25 -> 0 | DD25: =DC25*$B$144 -> 0 | DE25: =$G25*DC25 -> 0 | DG25: =DF25*$B$145 -> 0 | DH25: =$G25*DF25 -> 0 | DJ25: =DI25*$B$146 -> 0 | DK25: =$G25*DI25 -> 0 | DM25: =DL25*$B$147 -> 0 | DN25: =$G25*DL25 -> 0 | DP25: =DO25*$B$148 -> 0 | DQ25: =$G25*DO25 -> 0 | DS25: =DR25*$B$149 -> 0 | DT25: =$G25*DR25 -> 0 | DV25: =DU25*$B$150 -> 0 | DW25: =$G25*DU25 -> 0 | DY25: =DX25*$B$151 -> 0 | DZ25: =$G25*DX25 -> 0 | EB25: =EA25*$B$152 -> 0 | EC25: =$G25*EA25 -> 0 | EE25: =ED25*$B$153 -> 0 | EF25: =$G25*ED25 -> 0 | EH25: =EG25*$B$154 -> 0 | EI25: =$G25*EG25 -> 0 | EK25: =EJ25*$B$155 -> 0 | EL25: =$G25*EJ25 -> 0 | EN25: =EM25*$B$156 -> 0 | EO25: =$G25*EM25 -> 0
A26: 21 | B26: Gasket | C26: Pemko | D26: (21') S88BL x width x 2-height | F26: =SUM(I26,L26,O26,BN26,R26,U26,X26,AA26,BZ26,CC26,CF26,AD26,AG26,AJ26,AM26,AP26,AS26,AV26,AY26,BB26,BE26,BH26,BK26,BQ26,BT26,BW26,CI26,CL26,CO26,CR26,CU26,CX26,DA26,DD26,DG26,DJ26,DM26,DP26,DS26,DV26,DY26,EB26,EE26,EH26,EK26,EN26) -> 3 | H26: 1 | I26: =H26*$B$111 -> 1 | J26: =$G26*H26 -> 0 | L26: =K26*$B$112 -> 0 | M26: =$G26*K26 -> 0 | O26: =N26*$B$113 -> 0 | P26: =$G26*N26 -> 0 | Q26: 1 | R26: =Q26*$B$114 -> 1 | S26: =$G26*Q26 -> 0 | T26: 1 | U26: =T26*$B$115 -> 1 | V26: =$G26*T26 -> 0 | X26: =W26*$B$116 -> 0 | Y26: =$G26*W26 -> 0 | AA26: =Z26*$B$117 -> 0 | AB26: =$G26*Z26 -> 0 | AD26: =AC26*$B$118 -> 0 | AE26: =$G26*AC26 -> 0 | AG26: =AF26*$B$119 -> 0 | AH26: =$G26*AF26 -> 0 | AJ26: =AI26*$B$120 -> 0 | AK26: =$G26*AI26 -> 0 | AM26: =AL26*$B$121 -> 0 | AN26: =$G26*AL26 -> 0 | AP26: =AO26*$B$122 -> 0 | AQ26: =$G26*AO26 -> 0 | AS26: =AR26*$B$123 -> 0 | AT26: =$G26*AR26 -> 0 | AV26: =AU26*$B$124 -> 0 | AW26: =$G26*AU26 -> 0 | AY26: =AX26*$B$125 -> 0 | AZ26: =$G26*AX26 -> 0 | BB26: =BA26*$B$126 -> 0 | BC26: =$G26*BA26 -> 0 | BE26: =BD26*$B$127 -> 0 | BF26: =$G26*BD26 -> 0 | BH26: =BG26*$B$128 -> 0 | BI26: =$G26*BG26 -> 0 | BK26: =BJ26*$B$129 -> 0 | BL26: =$G26*BJ26 -> 0 | BN26: =BM26*$B$130 -> 0 | BO26: =$G26*BM26 -> 0 | BQ26: =BP26*$B$131 -> 0 | BR26: =$G26*BP26 -> 0 | BT26: =BS26*$B$132 -> 0 | BU26: =$G26*BS26 -> 0 | BW26: =BV26*$B$133 -> 0 | BX26: =$G26*BV26 -> 0 | BZ26: =BY26*$B$134 -> 0 | CA26: =$G26*BY26 -> 0 | CC26: =CB26*$B$135 -> 0 | CD26: =$G26*CB26 -> 0 | CF26: =CE26*$B$136 -> 0 | CG26: =$G26*CE26 -> 0 | CI26: =CH26*$B$137 -> 0 | CJ26: =$G26*CH26 -> 0 | CL26: =CK26*$B$138 -> 0 | CM26: =$G26*CK26 -> 0 | CO26: =CN26*$B$139 -> 0 | CP26: =$G26*CN26 -> 0 | CR26: =CQ26*$B$140 -> 0 | CS26: =$G26*CQ26 -> 0 | CU26: =CT26*$B$141 -> 0 | CV26: =$G26*CT26 -> 0 | CX26: =CW26*$B$142 -> 0 | CY26: =$G26*CW26 -> 0 | DA26: =CZ26*$B$143 -> 0 | DB26: =$G26*CZ26 -> 0 | DD26: =DC26*$B$144 -> 0 | DE26: =$G26*DC26 -> 0 | DG26: =DF26*$B$145 -> 0 | DH26: =$G26*DF26 -> 0 | DJ26: =DI26*$B$146 -> 0 | DK26: =$G26*DI26 -> 0 | DM26: =DL26*$B$147 -> 0 | DN26: =$G26*DL26 -> 0 | DP26: =DO26*$B$148 -> 0 | DQ26: =$G26*DO26 -> 0 | DS26: =DR26*$B$149 -> 0 | DT26: =$G26*DR26 -> 0 | DV26: =DU26*$B$150 -> 0 | DW26: =$G26*DU26 -> 0 | DY26: =DX26*$B$151 -> 0 | DZ26: =$G26*DX26 -> 0 | EB26: =EA26*$B$152 -> 0 | EC26: =$G26*EA26 -> 0 | EE26: =ED26*$B$153 -> 0 | EF26: =$G26*ED26 -> 0 | EH26: =EG26*$B$154 -> 0 | EI26: =$G26*EG26 -> 0 | EK26: =EJ26*$B$155 -> 0 | EL26: =$G26*EJ26 -> 0 | EN26: =EM26*$B$156 -> 0 | EO26: =$G26*EM26 -> 0
A27: 22 | B27: Actuator | C27: Camden | D27: CM-7536VR/4 | E27: 628 | F27: =SUM(I27,L27,O27,BN27,R27,U27,X27,AA27,BZ27,CC27,CF27,AD27,AG27,AJ27,AM27,AP27,AS27,AV27,AY27,BB27,BE27,BH27,BK27,BQ27,BT27,BW27,CI27,CL27,CO27,CR27,CU27,CX27,DA27,DD27,DG27,DJ27,DM27,DP27,DS27,DV27,DY27,EB27,EE27,EH27,EK27,EN27) -> 5 | H27: 2 | I27: =H27*$B$111 -> 2 | J27: =$G27*H27 -> 0 | L27: =K27*$B$112 -> 0 | M27: =$G27*K27 -> 0 | O27: =N27*$B$113 -> 0 | P27: =$G27*N27 -> 0 | R27: =Q27*$B$114 -> 0 | S27: =$G27*Q27 -> 0 | U27: =T27*$B$115 -> 0 | V27: =$G27*T27 -> 0 | X27: =W27*$B$116 -> 0 | Y27: =$G27*W27 -> 0 | Z27: 1 | AA27: =Z27*$B$117 -> 1 | AB27: =$G27*Z27 -> 0 | AC27: 2 | AD27: =AC27*$B$118 -> 2 | AE27: =$G27*AC27 -> 0 | AG27: =AF27*$B$119 -> 0 | AH27: =$G27*AF27 -> 0 | AJ27: =AI27*$B$120 -> 0 | AK27: =$G27*AI27 -> 0 | AM27: =AL27*$B$121 -> 0 | AN27: =$G27*AL27 -> 0 | AP27: =AO27*$B$122 -> 0 | AQ27: =$G27*AO27 -> 0 | AS27: =AR27*$B$123 -> 0 | AT27: =$G27*AR27 -> 0 | AV27: =AU27*$B$124 -> 0 | AW27: =$G27*AU27 -> 0 | AY27: =AX27*$B$125 -> 0 | AZ27: =$G27*AX27 -> 0 | BB27: =BA27*$B$126 -> 0 | BC27: =$G27*BA27 -> 0 | BE27: =BD27*$B$127 -> 0 | BF27: =$G27*BD27 -> 0 | BH27: =BG27*$B$128 -> 0 | BI27: =$G27*BG27 -> 0 | BK27: =BJ27*$B$129 -> 0 | BL27: =$G27*BJ27 -> 0 | BN27: =BM27*$B$130 -> 0 | BO27: =$G27*BM27 -> 0 | BQ27: =BP27*$B$131 -> 0 | BR27: =$G27*BP27 -> 0 | BT27: =BS27*$B$132 -> 0 | BU27: =$G27*BS27 -> 0 | BW27: =BV27*$B$133 -> 0 | BX27: =$G27*BV27 -> 0 | BZ27: =BY27*$B$134 -> 0 | CA27: =$G27*BY27 -> 0 | CC27: =CB27*$B$135 -> 0 | CD27: =$G27*CB27 -> 0 | CF27: =CE27*$B$136 -> 0 | CG27: =$G27*CE27 -> 0 | CI27: =CH27*$B$137 -> 0 | CJ27: =$G27*CH27 -> 0 | CL27: =CK27*$B$138 -> 0 | CM27: =$G27*CK27 -> 0 | CO27: =CN27*$B$139 -> 0 | CP27: =$G27*CN27 -> 0 | CR27: =CQ27*$B$140 -> 0 | CS27: =$G27*CQ27 -> 0 | CU27: =CT27*$B$141 -> 0 | CV27: =$G27*CT27 -> 0 | CX27: =CW27*$B$142 -> 0 | CY27: =$G27*CW27 -> 0 | DA27: =CZ27*$B$143 -> 0 | DB27: =$G27*CZ27 -> 0 | DD27: =DC27*$B$144 -> 0 | DE27: =$G27*DC27 -> 0 | DG27: =DF27*$B$145 -> 0 | DH27: =$G27*DF27 -> 0 | DJ27: =DI27*$B$146 -> 0 | DK27: =$G27*DI27 -> 0 | DM27: =DL27*$B$147 -> 0 | DN27: =$G27*DL27 -> 0 | DP27: =DO27*$B$148 -> 0 | DQ27: =$G27*DO27 -> 0 | DS27: =DR27*$B$149 -> 0 | DT27: =$G27*DR27 -> 0 | DV27: =DU27*$B$150 -> 0 | DW27: =$G27*DU27 -> 0 | DY27: =DX27*$B$151 -> 0 | DZ27: =$G27*DX27 -> 0 | EB27: =EA27*$B$152 -> 0 | EC27: =$G27*EA27 -> 0 | EE27: =ED27*$B$153 -> 0 | EF27: =$G27*ED27 -> 0 | EH27: =EG27*$B$154 -> 0 | EI27: =$G27*EG27 -> 0 | EK27: =EJ27*$B$155 -> 0 | EL27: =$G27*EJ27 -> 0 | EN27: =EM27*$B$156 -> 0 | EO27: =$G27*EM27 -> 0
A28: 23 | B28: Power Supply | C28: Securitron | D28: AQD2-4C2 by Others | F28: =SUM(I28,L28,O28,BN28,R28,U28,X28,AA28,BZ28,CC28,CF28,AD28,AG28,AJ28,AM28,AP28,AS28,AV28,AY28,BB28,BE28,BH28,BK28,BQ28,BT28,BW28,CI28,CL28,CO28,CR28,CU28,CX28,DA28,DD28,DG28,DJ28,DM28,DP28,DS28,DV28,DY28,EB28,EE28,EH28,EK28,EN28) -> 15 | H28: 1 | I28: =H28*$B$111 -> 1 | J28: =$G28*H28 -> 0 | L28: =K28*$B$112 -> 0 | M28: =$G28*K28 -> 0 | O28: =N28*$B$113 -> 0 | P28: =$G28*N28 -> 0 | R28: =Q28*$B$114 -> 0 | S28: =$G28*Q28 -> 0 | T28: 1 | U28: =T28*$B$115 -> 1 | V28: =$G28*T28 -> 0 | W28: 1 | X28: =W28*$B$116 -> 4 | Y28: =$G28*W28 -> 0 | Z28: 1 | AA28: =Z28*$B$117 -> 1 | AB28: =$G28*Z28 -> 0 | AC28: 1 | AD28: =AC28*$B$118 -> 1 | AE28: =$G28*AC28 -> 0 | AG28: =AF28*$B$119 -> 0 | AH28: =$G28*AF28 -> 0 | AI28: 1 | AJ28: =AI28*$B$120 -> 3 | AK28: =$G28*AI28 -> 0 | AL28: 1 | AM28: =AL28*$B$121 -> 2 | AN28: =$G28*AL28 -> 0 | AO28: 1 | AP28: =AO28*$B$122 -> 1 | AQ28: =$G28*AO28 -> 0 | AR28: 1 | AS28: =AR28*$B$123 -> 1 | AT28: =$G28*AR28 -> 0 | AV28: =AU28*$B$124 -> 0 | AW28: =$G28*AU28 -> 0 | AY28: =AX28*$B$125 -> 0 | AZ28: =$G28*AX28 -> 0 | BB28: =BA28*$B$126 -> 0 | BC28: =$G28*BA28 -> 0 | BE28: =BD28*$B$127 -> 0 | BF28: =$G28*BD28 -> 0 | BH28: =BG28*$B$128 -> 0 | BI28: =$G28*BG28 -> 0 | BK28: =BJ28*$B$129 -> 0 | BL28: =$G28*BJ28 -> 0 | BN28: =BM28*$B$130 -> 0 | BO28: =$G28*BM28 -> 0 | BQ28: =BP28*$B$131 -> 0 | BR28: =$G28*BP28 -> 0 | BT28: =BS28*$B$132 -> 0 | BU28: =$G28*BS28 -> 0 | BW28: =BV28*$B$133 -> 0 | BX28: =$G28*BV28 -> 0 | BZ28: =BY28*$B$134 -> 0 | CA28: =$G28*BY28 -> 0 | CC28: =CB28*$B$135 -> 0 | CD28: =$G28*CB28 -> 0 | CF28: =CE28*$B$136 -> 0 | CG28: =$G28*CE28 -> 0 | CI28: =CH28*$B$137 -> 0 | CJ28: =$G28*CH28 -> 0 | CL28: =CK28*$B$138 -> 0 | CM28: =$G28*CK28 -> 0 | CO28: =CN28*$B$139 -> 0 | CP28: =$G28*CN28 -> 0 | CR28: =CQ28*$B$140 -> 0 | CS28: =$G28*CQ28 -> 0 | CU28: =CT28*$B$141 -> 0 | CV28: =$G28*CT28 -> 0 | CX28: =CW28*$B$142 -> 0 | CY28: =$G28*CW28 -> 0 | DA28: =CZ28*$B$143 -> 0 | DB28: =$G28*CZ28 -> 0 | DD28: =DC28*$B$144 -> 0 | DE28: =$G28*DC28 -> 0 | DG28: =DF28*$B$145 -> 0 | DH28: =$G28*DF28 -> 0 | DJ28: =DI28*$B$146 -> 0 | DK28: =$G28*DI28 -> 0 | DM28: =DL28*$B$147 -> 0 | DN28: =$G28*DL28 -> 0 | DP28: =DO28*$B$148 -> 0 | DQ28: =$G28*DO28 -> 0 | DS28: =DR28*$B$149 -> 0 | DT28: =$G28*DR28 -> 0 | DV28: =DU28*$B$150 -> 0 | DW28: =$G28*DU28 -> 0 | DY28: =DX28*$B$151 -> 0 | DZ28: =$G28*DX28 -> 0 | EB28: =EA28*$B$152 -> 0 | EC28: =$G28*EA28 -> 0 | EE28: =ED28*$B$153 -> 0 | EF28: =$G28*ED28 -> 0 | EH28: =EG28*$B$154 -> 0 | EI28: =$G28*EG28 -> 0 | EK28: =EJ28*$B$155 -> 0 | EL28: =$G28*EJ28 -> 0 | EN28: =EM28*$B$156 -> 0 | EO28: =$G28*EM28 -> 0
A29: 24 | B29: Battery | C29: Securitron | D29: B-24-5 by Others | F29: =SUM(I29,L29,O29,BN29,R29,U29,X29,AA29,BZ29,CC29,CF29,AD29,AG29,AJ29,AM29,AP29,AS29,AV29,AY29,BB29,BE29,BH29,BK29,BQ29,BT29,BW29,CI29,CL29,CO29,CR29,CU29,CX29,DA29,DD29,DG29,DJ29,DM29,DP29,DS29,DV29,DY29,EB29,EE29,EH29,EK29,EN29) -> 16 | H29: 1 | I29: =H29*$B$111 -> 1 | J29: =$G29*H29 -> 0 | L29: =K29*$B$112 -> 0 | M29: =$G29*K29 -> 0 | O29: =N29*$B$113 -> 0 | P29: =$G29*N29 -> 0 | Q29: 1 | R29: =Q29*$B$114 -> 1 | S29: =$G29*Q29 -> 0 | T29: 1 | U29: =T29*$B$115 -> 1 | V29: =$G29*T29 -> 0 | W29: 1 | X29: =W29*$B$116 -> 4 | Y29: =$G29*W29 -> 0 | Z29: 1 | AA29: =Z29*$B$117 -> 1 | AB29: =$G29*Z29 -> 0 | AC29: 1 | AD29: =AC29*$B$118 -> 1 | AE29: =$G29*AC29 -> 0 | AG29: =AF29*$B$119 -> 0 | AH29: =$G29*AF29 -> 0 | AI29: 1 | AJ29: =AI29*$B$120 -> 3 | AK29: =$G29*AI29 -> 0 | AL29: 1 | AM29: =AL29*$B$121 -> 2 | AN29: =$G29*AL29 -> 0 | AO29: 1 | AP29: =AO29*$B$122 -> 1 | AQ29: =$G29*AO29 -> 0 | AR29: 1 | AS29: =AR29*$B$123 -> 1 | AT29: =$G29*AR29 -> 0 | AV29: =AU29*$B$124 -> 0 | AW29: =$G29*AU29 -> 0 | AY29: =AX29*$B$125 -> 0 | AZ29: =$G29*AX29 -> 0 | BB29: =BA29*$B$126 -> 0 | BC29: =$G29*BA29 -> 0 | BE29: =BD29*$B$127 -> 0 | BF29: =$G29*BD29 -> 0 | BH29: =BG29*$B$128 -> 0 | BI29: =$G29*BG29 -> 0 | BK29: =BJ29*$B$129 -> 0 | BL29: =$G29*BJ29 -> 0 | BN29: =BM29*$B$130 -> 0 | BO29: =$G29*BM29 -> 0 | BQ29: =BP29*$B$131 -> 0 | BR29: =$G29*BP29 -> 0 | BT29: =BS29*$B$132 -> 0 | BU29: =$G29*BS29 -> 0 | BW29: =BV29*$B$133 -> 0 | BX29: =$G29*BV29 -> 0 | BZ29: =BY29*$B$134 -> 0 | CA29: =$G29*BY29 -> 0 | CC29: =CB29*$B$135 -> 0 | CD29: =$G29*CB29 -> 0 | CF29: =CE29*$B$136 -> 0 | CG29: =$G29*CE29 -> 0 | CI29: =CH29*$B$137 -> 0 | CJ29: =$G29*CH29 -> 0 | CL29: =CK29*$B$138 -> 0 | CM29: =$G29*CK29 -> 0 | CO29: =CN29*$B$139 -> 0 | CP29: =$G29*CN29 -> 0 | CR29: =CQ29*$B$140 -> 0 | CS29: =$G29*CQ29 -> 0 | CU29: =CT29*$B$141 -> 0 | CV29: =$G29*CT29 -> 0 | CX29: =CW29*$B$142 -> 0 | CY29: =$G29*CW29 -> 0 | DA29: =CZ29*$B$143 -> 0 | DB29: =$G29*CZ29 -> 0 | DD29: =DC29*$B$144 -> 0 | DE29: =$G29*DC29 -> 0 | DG29: =DF29*$B$145 -> 0 | DH29: =$G29*DF29 -> 0 | DJ29: =DI29*$B$146 -> 0 | DK29: =$G29*DI29 -> 0 | DM29: =DL29*$B$147 -> 0 | DN29: =$G29*DL29 -> 0 | DP29: =DO29*$B$148 -> 0 | DQ29: =$G29*DO29 -> 0 | DS29: =DR29*$B$149 -> 0 | DT29: =$G29*DR29 -> 0 | DV29: =DU29*$B$150 -> 0 | DW29: =$G29*DU29 -> 0 | DY29: =DX29*$B$151 -> 0 | DZ29: =$G29*DX29 -> 0 | EB29: =EA29*$B$152 -> 0 | EC29: =$G29*EA29 -> 0 | EE29: =ED29*$B$153 -> 0 | EF29: =$G29*ED29 -> 0 | EH29: =EG29*$B$154 -> 0 | EI29: =$G29*EG29 -> 0 | EK29: =EJ29*$B$155 -> 0 | EL29: =$G29*EJ29 -> 0 | EN29: =EM29*$B$156 -> 0 | EO29: =$G29*EM29 -> 0
A30: 25 | B30: Card Reader | C30: HID | D30: By Others | F30: =SUM(I30,L30,O30,BN30,R30,U30,X30,AA30,BZ30,CC30,CF30,AD30,AG30,AJ30,AM30,AP30,AS30,AV30,AY30,BB30,BE30,BH30,BK30,BQ30,BT30,BW30,CI30,CL30,CO30,CR30,CU30,CX30,DA30,DD30,DG30,DJ30,DM30,DP30,DS30,DV30,DY30,EB30,EE30,EH30,EK30,EN30) -> 3 | H30: 1 | I30: =H30*$B$111 -> 1 | J30: =$G30*H30 -> 0 | L30: =K30*$B$112 -> 0 | M30: =$G30*K30 -> 0 | O30: =N30*$B$113 -> 0 | P30: =$G30*N30 -> 0 | Q30: 2 | R30: =Q30*$B$114 -> 2 | S30: =$G30*Q30 -> 0 | U30: =T30*$B$115 -> 0 | V30: =$G30*T30 -> 0 | X30: =W30*$B$116 -> 0 | Y30: =$G30*W30 -> 0 | AA30: =Z30*$B$117 -> 0 | AB30: =$G30*Z30 -> 0 | AD30: =AC30*$B$118 -> 0 | AE30: =$G30*AC30 -> 0 | AG30: =AF30*$B$119 -> 0 | AH30: =$G30*AF30 -> 0 | AJ30: =AI30*$B$120 -> 0 | AK30: =$G30*AI30 -> 0 | AM30: =AL30*$B$121 -> 0 | AN30: =$G30*AL30 -> 0 | AP30: =AO30*$B$122 -> 0 | AQ30: =$G30*AO30 -> 0 | AS30: =AR30*$B$123 -> 0 | AT30: =$G30*AR30 -> 0 | AV30: =AU30*$B$124 -> 0 | AW30: =$G30*AU30 -> 0 | AY30: =AX30*$B$125 -> 0 | AZ30: =$G30*AX30 -> 0 | BB30: =BA30*$B$126 -> 0 | BC30: =$G30*BA30 -> 0 | BE30: =BD30*$B$127 -> 0 | BF30: =$G30*BD30 -> 0 | BH30: =BG30*$B$128 -> 0 | BI30: =$G30*BG30 -> 0 | BK30: =BJ30*$B$129 -> 0 | BL30: =$G30*BJ30 -> 0 | BN30: =BM30*$B$130 -> 0 | BO30: =$G30*BM30 -> 0 | BQ30: =BP30*$B$131 -> 0 | BR30: =$G30*BP30 -> 0 | BT30: =BS30*$B$132 -> 0 | BU30: =$G30*BS30 -> 0 | BW30: =BV30*$B$133 -> 0 | BX30: =$G30*BV30 -> 0 | BZ30: =BY30*$B$134 -> 0 | CA30: =$G30*BY30 -> 0 | CC30: =CB30*$B$135 -> 0 | CD30: =$G30*CB30 -> 0 | CF30: =CE30*$B$136 -> 0 | CG30: =$G30*CE30 -> 0 | CI30: =CH30*$B$137 -> 0 | CJ30: =$G30*CH30 -> 0 | CL30: =CK30*$B$138 -> 0 | CM30: =$G30*CK30 -> 0 | CO30: =CN30*$B$139 -> 0 | CP30: =$G30*CN30 -> 0 | CR30: =CQ30*$B$140 -> 0 | CS30: =$G30*CQ30 -> 0 | CU30: =CT30*$B$141 -> 0 | CV30: =$G30*CT30 -> 0 | CX30: =CW30*$B$142 -> 0 | CY30: =$G30*CW30 -> 0 | DA30: =CZ30*$B$143 -> 0 | DB30: =$G30*CZ30 -> 0 | DD30: =DC30*$B$144 -> 0 | DE30: =$G30*DC30 -> 0 | DG30: =DF30*$B$145 -> 0 | DH30: =$G30*DF30 -> 0 | DJ30: =DI30*$B$146 -> 0 | DK30: =$G30*DI30 -> 0 | DM30: =DL30*$B$147 -> 0 | DN30: =$G30*DL30 -> 0 | DP30: =DO30*$B$148 -> 0 | DQ30: =$G30*DO30 -> 0 | DS30: =DR30*$B$149 -> 0 | DT30: =$G30*DR30 -> 0 | DV30: =DU30*$B$150 -> 0 | DW30: =$G30*DU30 -> 0 | DY30: =DX30*$B$151 -> 0 | DZ30: =$G30*DX30 -> 0 | EB30: =EA30*$B$152 -> 0 | EC30: =$G30*EA30 -> 0 | EE30: =ED30*$B$153 -> 0 | EF30: =$G30*ED30 -> 0 | EH30: =EG30*$B$154 -> 0 | EI30: =$G30*EG30 -> 0 | EK30: =EJ30*$B$155 -> 0 | EL30: =$G30*EJ30 -> 0 | EN30: =EM30*$B$156 -> 0 | EO30: =$G30*EM30 -> 0
A31: 26 | B31: Rem. Release | C31: By Others | F31: =SUM(I31,L31,O31,BN31,R31,U31,X31,AA31,BZ31,CC31,CF31,AD31,AG31,AJ31,AM31,AP31,AS31,AV31,AY31,BB31,BE31,BH31,BK31,BQ31,BT31,BW31,CI31,CL31,CO31,CR31,CU31,CX31,DA31,DD31,DG31,DJ31,DM31,DP31,DS31,DV31,DY31,EB31,EE31,EH31,EK31,EN31) -> 1 | H31: 1 | I31: =H31*$B$111 -> 1 | J31: =$G31*H31 -> 0 | L31: =K31*$B$112 -> 0 | M31: =$G31*K31 -> 0 | O31: =N31*$B$113 -> 0 | P31: =$G31*N31 -> 0 | R31: =Q31*$B$114 -> 0 | S31: =$G31*Q31 -> 0 | U31: =T31*$B$115 -> 0 | V31: =$G31*T31 -> 0 | X31: =W31*$B$116 -> 0 | Y31: =$G31*W31 -> 0 | AA31: =Z31*$B$117 -> 0 | AB31: =$G31*Z31 -> 0 | AD31: =AC31*$B$118 -> 0 | AE31: =$G31*AC31 -> 0 | AG31: =AF31*$B$119 -> 0 | AH31: =$G31*AF31 -> 0 | AJ31: =AI31*$B$120 -> 0 | AK31: =$G31*AI31 -> 0 | AM31: =AL31*$B$121 -> 0 | AN31: =$G31*AL31 -> 0 | AP31: =AO31*$B$122 -> 0 | AQ31: =$G31*AO31 -> 0 | AS31: =AR31*$B$123 -> 0 | AT31: =$G31*AR31 -> 0 | AV31: =AU31*$B$124 -> 0 | AW31: =$G31*AU31 -> 0 | AY31: =AX31*$B$125 -> 0 | AZ31: =$G31*AX31 -> 0 | BB31: =BA31*$B$126 -> 0 | BC31: =$G31*BA31 -> 0 | BE31: =BD31*$B$127 -> 0 | BF31: =$G31*BD31 -> 0 | BH31: =BG31*$B$128 -> 0 | BI31: =$G31*BG31 -> 0 | BK31: =BJ31*$B$129 -> 0 | BL31: =$G31*BJ31 -> 0 | BN31: =BM31*$B$130 -> 0 | BO31: =$G31*BM31 -> 0 | BQ31: =BP31*$B$131 -> 0 | BR31: =$G31*BP31 -> 0 | BT31: =BS31*$B$132 -> 0 | BU31: =$G31*BS31 -> 0 | BW31: =BV31*$B$133 -> 0 | BX31: =$G31*BV31 -> 0 | BZ31: =BY31*$B$134 -> 0 | CA31: =$G31*BY31 -> 0 | CC31: =CB31*$B$135 -> 0 | CD31: =$G31*CB31 -> 0 | CF31: =CE31*$B$136 -> 0 | CG31: =$G31*CE31 -> 0 | CI31: =CH31*$B$137 -> 0 | CJ31: =$G31*CH31 -> 0 | CL31: =CK31*$B$138 -> 0 | CM31: =$G31*CK31 -> 0 | CO31: =CN31*$B$139 -> 0 | CP31: =$G31*CN31 -> 0 | CR31: =CQ31*$B$140 -> 0 | CS31: =$G31*CQ31 -> 0 | CU31: =CT31*$B$141 -> 0 | CV31: =$G31*CT31 -> 0 | CX31: =CW31*$B$142 -> 0 | CY31: =$G31*CW31 -> 0 | DA31: =CZ31*$B$143 -> 0 | DB31: =$G31*CZ31 -> 0 | DD31: =DC31*$B$144 -> 0 | DE31: =$G31*DC31 -> 0 | DG31: =DF31*$B$145 -> 0 | DH31: =$G31*DF31 -> 0 | DJ31: =DI31*$B$146 -> 0 | DK31: =$G31*DI31 -> 0 | DM31: =DL31*$B$147 -> 0 | DN31: =$G31*DL31 -> 0 | DP31: =DO31*$B$148 -> 0 | DQ31: =$G31*DO31 -> 0 | DS31: =DR31*$B$149 -> 0 | DT31: =$G31*DR31 -> 0 | DV31: =DU31*$B$150 -> 0 | DW31: =$G31*DU31 -> 0 | DY31: =DX31*$B$151 -> 0 | DZ31: =$G31*DX31 -> 0 | EB31: =EA31*$B$152 -> 0 | EC31: =$G31*EA31 -> 0 | EE31: =ED31*$B$153 -> 0 | EF31: =$G31*ED31 -> 0 | EH31: =EG31*$B$154 -> 0 | EI31: =$G31*EG31 -> 0 | EK31: =EJ31*$B$155 -> 0 | EL31: =$G31*EJ31 -> 0 | EN31: =EM31*$B$156 -> 0 | EO31: =$G31*EM31 -> 0
A32: 27 | B32: DPS | C32: Securitron | D32: DPS-W-GY by Others | F32: =SUM(I32,L32,O32,BN32,R32,U32,X32,AA32,BZ32,CC32,CF32,AD32,AG32,AJ32,AM32,AP32,AS32,AV32,AY32,BB32,BE32,BH32,BK32,BQ32,BT32,BW32,CI32,CL32,CO32,CR32,CU32,CX32,DA32,DD32,DG32,DJ32,DM32,DP32,DS32,DV32,DY32,EB32,EE32,EH32,EK32,EN32) -> 14 | H32: 2 | I32: =H32*$B$111 -> 2 | J32: =$G32*H32 -> 0 | L32: =K32*$B$112 -> 0 | M32: =$G32*K32 -> 0 | O32: =N32*$B$113 -> 0 | P32: =$G32*N32 -> 0 | R32: =Q32*$B$114 -> 0 | S32: =$G32*Q32 -> 0 | U32: =T32*$B$115 -> 0 | V32: =$G32*T32 -> 0 | W32: 1 | X32: =W32*$B$116 -> 4 | Y32: =$G32*W32 -> 0 | Z32: 1 | AA32: =Z32*$B$117 -> 1 | AB32: =$G32*Z32 -> 0 | AD32: =AC32*$B$118 -> 0 | AE32: =$G32*AC32 -> 0 | AG32: =AF32*$B$119 -> 0 | AH32: =$G32*AF32 -> 0 | AI32: 1 | AJ32: =AI32*$B$120 -> 3 | AK32: =$G32*AI32 -> 0 | AL32: 1 | AM32: =AL32*$B$121 -> 2 | AN32: =$G32*AL32 -> 0 | AO32: 1 | AP32: =AO32*$B$122 -> 1 | AQ32: =$G32*AO32 -> 0 | AR32: 1 | AS32: =AR32*$B$123 -> 1 | AT32: =$G32*AR32 -> 0 | AV32: =AU32*$B$124 -> 0 | AW32: =$G32*AU32 -> 0 | AY32: =AX32*$B$125 -> 0 | AZ32: =$G32*AX32 -> 0 | BB32: =BA32*$B$126 -> 0 | BC32: =$G32*BA32 -> 0 | BE32: =BD32*$B$127 -> 0 | BF32: =$G32*BD32 -> 0 | BH32: =BG32*$B$128 -> 0 | BI32: =$G32*BG32 -> 0 | BK32: =BJ32*$B$129 -> 0 | BL32: =$G32*BJ32 -> 0 | BN32: =BM32*$B$130 -> 0 | BO32: =$G32*BM32 -> 0 | BQ32: =BP32*$B$131 -> 0 | BR32: =$G32*BP32 -> 0 | BT32: =BS32*$B$132 -> 0 | BU32: =$G32*BS32 -> 0 | BW32: =BV32*$B$133 -> 0 | BX32: =$G32*BV32 -> 0 | BZ32: =BY32*$B$134 -> 0 | CA32: =$G32*BY32 -> 0 | CC32: =CB32*$B$135 -> 0 | CD32: =$G32*CB32 -> 0 | CF32: =CE32*$B$136 -> 0 | CG32: =$G32*CE32 -> 0 | CI32: =CH32*$B$137 -> 0 | CJ32: =$G32*CH32 -> 0 | CL32: =CK32*$B$138 -> 0 | CM32: =$G32*CK32 -> 0 | CO32: =CN32*$B$139 -> 0 | CP32: =$G32*CN32 -> 0 | CR32: =CQ32*$B$140 -> 0 | CS32: =$G32*CQ32 -> 0 | CU32: =CT32*$B$141 -> 0 | CV32: =$G32*CT32 -> 0 | CX32: =CW32*$B$142 -> 0 | CY32: =$G32*CW32 -> 0 | DA32: =CZ32*$B$143 -> 0 | DB32: =$G32*CZ32 -> 0 | DD32: =DC32*$B$144 -> 0 | DE32: =$G32*DC32 -> 0 | DG32: =DF32*$B$145 -> 0 | DH32: =$G32*DF32 -> 0 | DJ32: =DI32*$B$146 -> 0 | DK32: =$G32*DI32 -> 0 | DM32: =DL32*$B$147 -> 0 | DN32: =$G32*DL32 -> 0 | DP32: =DO32*$B$148 -> 0 | DQ32: =$G32*DO32 -> 0 | DS32: =DR32*$B$149 -> 0 | DT32: =$G32*DR32 -> 0 | DV32: =DU32*$B$150 -> 0 | DW32: =$G32*DU32 -> 0 | DY32: =DX32*$B$151 -> 0 | DZ32: =$G32*DX32 -> 0 | EB32: =EA32*$B$152 -> 0 | EC32: =$G32*EA32 -> 0 | EE32: =ED32*$B$153 -> 0 | EF32: =$G32*ED32 -> 0 | EH32: =EG32*$B$154 -> 0 | EI32: =$G32*EG32 -> 0 | EK32: =EJ32*$B$155 -> 0 | EL32: =$G32*EJ32 -> 0 | EN32: =EM32*$B$156 -> 0 | EO32: =$G32*EM32 -> 0
A33: 28 | B33: Power Supply | C33: Detex | D33: 85-820-F | F33: =SUM(I33,L33,O33,BN33,R33,U33,X33,AA33,BZ33,CC33,CF33,AD33,AG33,AJ33,AM33,AP33,AS33,AV33,AY33,BB33,BE33,BH33,BK33,BQ33,BT33,BW33,CI33,CL33,CO33,CR33,CU33,CX33,DA33,DD33,DG33,DJ33,DM33,DP33,DS33,DV33,DY33,EB33,EE33,EH33,EK33,EN33) -> 2 | I33: =H33*$B$111 -> 0 | J33: =$G33*H33 -> 0 | L33: =K33*$B$112 -> 0 | M33: =$G33*K33 -> 0 | O33: =N33*$B$113 -> 0 | P33: =$G33*N33 -> 0 | Q33: 1 | R33: =Q33*$B$114 -> 1 | S33: =$G33*Q33 -> 0 | T33: 1 | U33: =T33*$B$115 -> 1 | V33: =$G33*T33 -> 0 | X33: =W33*$B$116 -> 0 | Y33: =$G33*W33 -> 0 | AA33: =Z33*$B$117 -> 0 | AB33: =$G33*Z33 -> 0 | AD33: =AC33*$B$118 -> 0 | AE33: =$G33*AC33 -> 0 | AG33: =AF33*$B$119 -> 0 | AH33: =$G33*AF33 -> 0 | AJ33: =AI33*$B$120 -> 0 | AK33: =$G33*AI33 -> 0 | AM33: =AL33*$B$121 -> 0 | AN33: =$G33*AL33 -> 0 | AP33: =AO33*$B$122 -> 0 | AQ33: =$G33*AO33 -> 0 | AS33: =AR33*$B$123 -> 0 | AT33: =$G33*AR33 -> 0 | AV33: =AU33*$B$124 -> 0 | AW33: =$G33*AU33 -> 0 | AY33: =AX33*$B$125 -> 0 | AZ33: =$G33*AX33 -> 0 | BB33: =BA33*$B$126 -> 0 | BC33: =$G33*BA33 -> 0 | BE33: =BD33*$B$127 -> 0 | BF33: =$G33*BD33 -> 0 | BH33: =BG33*$B$128 -> 0 | BI33: =$G33*BG33 -> 0 | BK33: =BJ33*$B$129 -> 0 | BL33: =$G33*BJ33 -> 0 | BN33: =BM33*$B$130 -> 0 | BO33: =$G33*BM33 -> 0 | BQ33: =BP33*$B$131 -> 0 | BR33: =$G33*BP33 -> 0 | BT33: =BS33*$B$132 -> 0 | BU33: =$G33*BS33 -> 0 | BW33: =BV33*$B$133 -> 0 | BX33: =$G33*BV33 -> 0 | BZ33: =BY33*$B$134 -> 0 | CA33: =$G33*BY33 -> 0 | CC33: =CB33*$B$135 -> 0 | CD33: =$G33*CB33 -> 0 | CF33: =CE33*$B$136 -> 0 | CG33: =$G33*CE33 -> 0 | CI33: =CH33*$B$137 -> 0 | CJ33: =$G33*CH33 -> 0 | CL33: =CK33*$B$138 -> 0 | CM33: =$G33*CK33 -> 0 | CO33: =CN33*$B$139 -> 0 | CP33: =$G33*CN33 -> 0 | CR33: =CQ33*$B$140 -> 0 | CS33: =$G33*CQ33 -> 0 | CU33: =CT33*$B$141 -> 0 | CV33: =$G33*CT33 -> 0 | CX33: =CW33*$B$142 -> 0 | CY33: =$G33*CW33 -> 0 | DA33: =CZ33*$B$143 -> 0 | DB33: =$G33*CZ33 -> 0 | DD33: =DC33*$B$144 -> 0 | DE33: =$G33*DC33 -> 0 | DG33: =DF33*$B$145 -> 0 | DH33: =$G33*DF33 -> 0 | DJ33: =DI33*$B$146 -> 0 | DK33: =$G33*DI33 -> 0 | DM33: =DL33*$B$147 -> 0 | DN33: =$G33*DL33 -> 0 | DP33: =DO33*$B$148 -> 0 | DQ33: =$G33*DO33 -> 0 | DS33: =DR33*$B$149 -> 0 | DT33: =$G33*DR33 -> 0 | DV33: =DU33*$B$150 -> 0 | DW33: =$G33*DU33 -> 0 | DY33: =DX33*$B$151 -> 0 | DZ33: =$G33*DX33 -> 0 | EB33: =EA33*$B$152 -> 0 | EC33: =$G33*EA33 -> 0 | EE33: =ED33*$B$153 -> 0 | EF33: =$G33*ED33 -> 0 | EH33: =EG33*$B$154 -> 0 | EI33: =$G33*EG33 -> 0 | EK33: =EJ33*$B$155 -> 0 | EL33: =$G33*EJ33 -> 0 | EN33: =EM33*$B$156 -> 0 | EO33: =$G33*EM33 -> 0
A34: 29 | B34: Thermal Pin | C34: Sargent | D34: 683 | F34: =SUM(I34,L34,O34,BN34,R34,U34,X34,AA34,BZ34,CC34,CF34,AD34,AG34,AJ34,AM34,AP34,AS34,AV34,AY34,BB34,BE34,BH34,BK34,BQ34,BT34,BW34,CI34,CL34,CO34,CR34,CU34,CX34,DA34,DD34,DG34,DJ34,DM34,DP34,DS34,DV34,DY34,EB34,EE34,EH34,EK34,EN34) -> 4 | I34: =H34*$B$111 -> 0 | J34: =$G34*H34 -> 0 | L34: =K34*$B$112 -> 0 | M34: =$G34*K34 -> 0 | O34: =N34*$B$113 -> 0 | P34: =$G34*N34 -> 0 | Q34: 2 | R34: =Q34*$B$114 -> 2 | S34: =$G34*Q34 -> 0 | U34: =T34*$B$115 -> 0 | V34: =$G34*T34 -> 0 | X34: =W34*$B$116 -> 0 | Y34: =$G34*W34 -> 0 | AA34: =Z34*$B$117 -> 0 | AB34: =$G34*Z34 -> 0 | AC34: 2 | AD34: =AC34*$B$118 -> 2 | AE34: =$G34*AC34 -> 0 | AG34: =AF34*$B$119 -> 0 | AH34: =$G34*AF34 -> 0 | AJ34: =AI34*$B$120 -> 0 | AK34: =$G34*AI34 -> 0 | AM34: =AL34*$B$121 -> 0 | AN34: =$G34*AL34 -> 0 | AP34: =AO34*$B$122 -> 0 | AQ34: =$G34*AO34 -> 0 | AS34: =AR34*$B$123 -> 0 | AT34: =$G34*AR34 -> 0 | AV34: =AU34*$B$124 -> 0 | AW34: =$G34*AU34 -> 0 | AY34: =AX34*$B$125 -> 0 | AZ34: =$G34*AX34 -> 0 | BB34: =BA34*$B$126 -> 0 | BC34: =$G34*BA34 -> 0 | BE34: =BD34*$B$127 -> 0 | BF34: =$G34*BD34 -> 0 | BH34: =BG34*$B$128 -> 0 | BI34: =$G34*BG34 -> 0 | BK34: =BJ34*$B$129 -> 0 | BL34: =$G34*BJ34 -> 0 | BN34: =BM34*$B$130 -> 0 | BO34: =$G34*BM34 -> 0 | BQ34: =BP34*$B$131 -> 0 | BR34: =$G34*BP34 -> 0 | BT34: =BS34*$B$132 -> 0 | BU34: =$G34*BS34 -> 0 | BW34: =BV34*$B$133 -> 0 | BX34: =$G34*BV34 -> 0 | BZ34: =BY34*$B$134 -> 0 | CA34: =$G34*BY34 -> 0 | CC34: =CB34*$B$135 -> 0 | CD34: =$G34*CB34 -> 0 | CF34: =CE34*$B$136 -> 0 | CG34: =$G34*CE34 -> 0 | CI34: =CH34*$B$137 -> 0 | CJ34: =$G34*CH34 -> 0 | CL34: =CK34*$B$138 -> 0 | CM34: =$G34*CK34 -> 0 | CO34: =CN34*$B$139 -> 0 | CP34: =$G34*CN34 -> 0 | CR34: =CQ34*$B$140 -> 0 | CS34: =$G34*CQ34 -> 0 | CU34: =CT34*$B$141 -> 0 | CV34: =$G34*CT34 -> 0 | CX34: =CW34*$B$142 -> 0 | CY34: =$G34*CW34 -> 0 | DA34: =CZ34*$B$143 -> 0 | DB34: =$G34*CZ34 -> 0 | DD34: =DC34*$B$144 -> 0 | DE34: =$G34*DC34 -> 0 | DG34: =DF34*$B$145 -> 0 | DH34: =$G34*DF34 -> 0 | DJ34: =DI34*$B$146 -> 0 | DK34: =$G34*DI34 -> 0 | DM34: =DL34*$B$147 -> 0 | DN34: =$G34*DL34 -> 0 | DP34: =DO34*$B$148 -> 0 | DQ34: =$G34*DO34 -> 0 | DS34: =DR34*$B$149 -> 0 | DT34: =$G34*DR34 -> 0 | DV34: =DU34*$B$150 -> 0 | DW34: =$G34*DU34 -> 0 | DY34: =DX34*$B$151 -> 0 | DZ34: =$G34*DX34 -> 0 | EB34: =EA34*$B$152 -> 0 | EC34: =$G34*EA34 -> 0 | EE34: =ED34*$B$153 -> 0 | EF34: =$G34*ED34 -> 0 | EH34: =EG34*$B$154 -> 0 | EI34: =$G34*EG34 -> 0 | EK34: =EJ34*$B$155 -> 0 | EL34: =$G34*EJ34 -> 0 | EN34: =EM34*$B$156 -> 0 | EO34: =$G34*EM34 -> 0
A35: 30 | B35: Kick Plate | C35: Gallery | D35: (41") GSH 80A-B4E-400mm x width less 38mm | E35: 630 | F35: =SUM(I35,L35,O35,BN35,R35,U35,X35,AA35,BZ35,CC35,CF35,AD35,AG35,AJ35,AM35,AP35,AS35,AV35,AY35,BB35,BE35,BH35,BK35,BQ35,BT35,BW35,CI35,CL35,CO35,CR35,CU35,CX35,DA35,DD35,DG35,DJ35,DM35,DP35,DS35,DV35,DY35,EB35,EE35,EH35,EK35,EN35) -> 8 | I35: =H35*$B$111 -> 0 | J35: =$G35*H35 -> 0 | L35: =K35*$B$112 -> 0 | M35: =$G35*K35 -> 0 | O35: =N35*$B$113 -> 0 | P35: =$G35*N35 -> 0 | Q35: 2 | R35: =Q35*$B$114 -> 2 | S35: =$G35*Q35 -> 0 | T35: 2 | U35: =T35*$B$115 -> 2 | V35: =$G35*T35 -> 0 | X35: =W35*$B$116 -> 0 | Y35: =$G35*W35 -> 0 | AA35: =Z35*$B$117 -> 0 | AB35: =$G35*Z35 -> 0 | AD35: =AC35*$B$118 -> 0 | AE35: =$G35*AC35 -> 0 | AG35: =AF35*$B$119 -> 0 | AH35: =$G35*AF35 -> 0 | AJ35: =AI35*$B$120 -> 0 | AK35: =$G35*AI35 -> 0 | AL35: 1 | AM35: =AL35*$B$121 -> 2 | AN35: =$G35*AL35 -> 0 | AP35: =AO35*$B$122 -> 0 | AQ35: =$G35*AO35 -> 0 | AR35: 1 | AS35: =AR35*$B$123 -> 1 | AT35: =$G35*AR35 -> 0 | AV35: =AU35*$B$124 -> 0 | AW35: =$G35*AU35 -> 0 | AY35: =AX35*$B$125 -> 0 | AZ35: =$G35*AX35 -> 0 | BB35: =BA35*$B$126 -> 0 | BC35: =$G35*BA35 -> 0 | BE35: =BD35*$B$127 -> 0 | BF35: =$G35*BD35 -> 0 | BH35: =BG35*$B$128 -> 0 | BI35: =$G35*BG35 -> 0 | BJ35: 1 | BK35: =BJ35*$B$129 -> 1 | BL35: =$G35*BJ35 -> 0 | BN35: =BM35*$B$130 -> 0 | BO35: =$G35*BM35 -> 0 | BQ35: =BP35*$B$131 -> 0 | BR35: =$G35*BP35 -> 0 | BT35: =BS35*$B$132 -> 0 | BU35: =$G35*BS35 -> 0 | BW35: =BV35*$B$133 -> 0 | BX35: =$G35*BV35 -> 0 | BZ35: =BY35*$B$134 -> 0 | CA35: =$G35*BY35 -> 0 | CC35: =CB35*$B$135 -> 0 | CD35: =$G35*CB35 -> 0 | CF35: =CE35*$B$136 -> 0 | CG35: =$G35*CE35 -> 0 | CI35: =CH35*$B$137 -> 0 | CJ35: =$G35*CH35 -> 0 | CL35: =CK35*$B$138 -> 0 | CM35: =$G35*CK35 -> 0 | CO35: =CN35*$B$139 -> 0 | CP35: =$G35*CN35 -> 0 | CR35: =CQ35*$B$140 -> 0 | CS35: =$G35*CQ35 -> 0 | CU35: =CT35*$B$141 -> 0 | CV35: =$G35*CT35 -> 0 | CX35: =CW35*$B$142 -> 0 | CY35: =$G35*CW35 -> 0 | DA35: =CZ35*$B$143 -> 0 | DB35: =$G35*CZ35 -> 0 | DD35: =DC35*$B$144 -> 0 | DE35: =$G35*DC35 -> 0 | DG35: =DF35*$B$145 -> 0 | DH35: =$G35*DF35 -> 0 | DJ35: =DI35*$B$146 -> 0 | DK35: =$G35*DI35 -> 0 | DM35: =DL35*$B$147 -> 0 | DN35: =$G35*DL35 -> 0 | DP35: =DO35*$B$148 -> 0 | DQ35: =$G35*DO35 -> 0 | DS35: =DR35*$B$149 -> 0 | DT35: =$G35*DR35 -> 0 | DV35: =DU35*$B$150 -> 0 | DW35: =$G35*DU35 -> 0 | DY35: =DX35*$B$151 -> 0 | DZ35: =$G35*DX35 -> 0 | EB35: =EA35*$B$152 -> 0 | EC35: =$G35*EA35 -> 0 | EE35: =ED35*$B$153 -> 0 | EF35: =$G35*ED35 -> 0 | EH35: =EG35*$B$154 -> 0 | EI35: =$G35*EG35 -> 0 | EK35: =EJ35*$B$155 -> 0 | EL35: =$G35*EJ35 -> 0 | EN35: =EM35*$B$156 -> 0 | EO35: =$G35*EM35 -> 0
A36: 31 | B36: Door Bottom | C36: Pemko | D36: (42") 420ASL x width | E36: 628 | F36: =SUM(I36,L36,O36,BN36,R36,U36,X36,AA36,BZ36,CC36,CF36,AD36,AG36,AJ36,AM36,AP36,AS36,AV36,AY36,BB36,BE36,BH36,BK36,BQ36,BT36,BW36,CI36,CL36,CO36,CR36,CU36,CX36,DA36,DD36,DG36,DJ36,DM36,DP36,DS36,DV36,DY36,EB36,EE36,EH36,EK36,EN36) -> 2 | I36: =H36*$B$111 -> 0 | J36: =$G36*H36 -> 0 | L36: =K36*$B$112 -> 0 | M36: =$G36*K36 -> 0 | O36: =N36*$B$113 -> 0 | P36: =$G36*N36 -> 0 | Q36: 2 | R36: =Q36*$B$114 -> 2 | S36: =$G36*Q36 -> 0 | U36: =T36*$B$115 -> 0 | V36: =$G36*T36 -> 0 | X36: =W36*$B$116 -> 0 | Y36: =$G36*W36 -> 0 | AA36: =Z36*$B$117 -> 0 | AB36: =$G36*Z36 -> 0 | AD36: =AC36*$B$118 -> 0 | AE36: =$G36*AC36 -> 0 | AG36: =AF36*$B$119 -> 0 | AH36: =$G36*AF36 -> 0 | AJ36: =AI36*$B$120 -> 0 | AK36: =$G36*AI36 -> 0 | AM36: =AL36*$B$121 -> 0 | AN36: =$G36*AL36 -> 0 | AP36: =AO36*$B$122 -> 0 | AQ36: =$G36*AO36 -> 0 | AS36: =AR36*$B$123 -> 0 | AT36: =$G36*AR36 -> 0 | AV36: =AU36*$B$124 -> 0 | AW36: =$G36*AU36 -> 0 | AY36: =AX36*$B$125 -> 0 | AZ36: =$G36*AX36 -> 0 | BB36: =BA36*$B$126 -> 0 | BC36: =$G36*BA36 -> 0 | BE36: =BD36*$B$127 -> 0 | BF36: =$G36*BD36 -> 0 | BH36: =BG36*$B$128 -> 0 | BI36: =$G36*BG36 -> 0 | BK36: =BJ36*$B$129 -> 0 | BL36: =$G36*BJ36 -> 0 | BN36: =BM36*$B$130 -> 0 | BO36: =$G36*BM36 -> 0 | BQ36: =BP36*$B$131 -> 0 | BR36: =$G36*BP36 -> 0 | BT36: =BS36*$B$132 -> 0 | BU36: =$G36*BS36 -> 0 | BW36: =BV36*$B$133 -> 0 | BX36: =$G36*BV36 -> 0 | BZ36: =BY36*$B$134 -> 0 | CA36: =$G36*BY36 -> 0 | CC36: =CB36*$B$135 -> 0 | CD36: =$G36*CB36 -> 0 | CF36: =CE36*$B$136 -> 0 | CG36: =$G36*CE36 -> 0 | CI36: =CH36*$B$137 -> 0 | CJ36: =$G36*CH36 -> 0 | CL36: =CK36*$B$138 -> 0 | CM36: =$G36*CK36 -> 0 | CO36: =CN36*$B$139 -> 0 | CP36: =$G36*CN36 -> 0 | CR36: =CQ36*$B$140 -> 0 | CS36: =$G36*CQ36 -> 0 | CU36: =CT36*$B$141 -> 0 | CV36: =$G36*CT36 -> 0 | CX36: =CW36*$B$142 -> 0 | CY36: =$G36*CW36 -> 0 | DA36: =CZ36*$B$143 -> 0 | DB36: =$G36*CZ36 -> 0 | DD36: =DC36*$B$144 -> 0 | DE36: =$G36*DC36 -> 0 | DG36: =DF36*$B$145 -> 0 | DH36: =$G36*DF36 -> 0 | DJ36: =DI36*$B$146 -> 0 | DK36: =$G36*DI36 -> 0 | DM36: =DL36*$B$147 -> 0 | DN36: =$G36*DL36 -> 0 | DP36: =DO36*$B$148 -> 0 | DQ36: =$G36*DO36 -> 0 | DS36: =DR36*$B$149 -> 0 | DT36: =$G36*DR36 -> 0 | DV36: =DU36*$B$150 -> 0 | DW36: =$G36*DU36 -> 0 | DY36: =DX36*$B$151 -> 0 | DZ36: =$G36*DX36 -> 0 | EB36: =EA36*$B$152 -> 0 | EC36: =$G36*EA36 -> 0 | EE36: =ED36*$B$153 -> 0 | EF36: =$G36*ED36 -> 0 | EH36: =EG36*$B$154 -> 0 | EI36: =$G36*EG36 -> 0 | EK36: =EJ36*$B$155 -> 0 | EL36: =$G36*EJ36 -> 0 | EN36: =EM36*$B$156 -> 0 | EO36: =$G36*EM36 -> 0
A37: 32 | B37: Card Reader | C37: HID | D37: DPS-M-GY by Others | F37: =SUM(I37,L37,O37,BN37,R37,U37,X37,AA37,BZ37,CC37,CF37,AD37,AG37,AJ37,AM37,AP37,AS37,AV37,AY37,BB37,BE37,BH37,BK37,BQ37,BT37,BW37,CI37,CL37,CO37,CR37,CU37,CX37,DA37,DD37,DG37,DJ37,DM37,DP37,DS37,DV37,DY37,EB37,EE37,EH37,EK37,EN37) -> 14 | I37: =H37*$B$111 -> 0 | J37: =$G37*H37 -> 0 | L37: =K37*$B$112 -> 0 | M37: =$G37*K37 -> 0 | O37: =N37*$B$113 -> 0 | P37: =$G37*N37 -> 0 | Q37: 2 | R37: =Q37*$B$114 -> 2 | S37: =$G37*Q37 -> 0 | T37: 2 | U37: =T37*$B$115 -> 2 | V37: =$G37*T37 -> 0 | X37: =W37*$B$116 -> 0 | Y37: =$G37*W37 -> 0 | Z37: 1 | AA37: =Z37*$B$117 -> 1 | AB37: =$G37*Z37 -> 0 | AC37: 2 | AD37: =AC37*$B$118 -> 2 | AE37: =$G37*AC37 -> 0 | AG37: =AF37*$B$119 -> 0 | AH37: =$G37*AF37 -> 0 | AI37: 1 | AJ37: =AI37*$B$120 -> 3 | AK37: =$G37*AI37 -> 0 | AL37: 1 | AM37: =AL37*$B$121 -> 2 | AN37: =$G37*AL37 -> 0 | AO37: 1 | AP37: =AO37*$B$122 -> 1 | AQ37: =$G37*AO37 -> 0 | AR37: 1 | AS37: =AR37*$B$123 -> 1 | AT37: =$G37*AR37 -> 0 | AV37: =AU37*$B$124 -> 0 | AW37: =$G37*AU37 -> 0 | AY37: =AX37*$B$125 -> 0 | AZ37: =$G37*AX37 -> 0 | BB37: =BA37*$B$126 -> 0 | BC37: =$G37*BA37 -> 0 | BE37: =BD37*$B$127 -> 0 | BF37: =$G37*BD37 -> 0 | BH37: =BG37*$B$128 -> 0 | BI37: =$G37*BG37 -> 0 | BK37: =BJ37*$B$129 -> 0 | BL37: =$G37*BJ37 -> 0 | BN37: =BM37*$B$130 -> 0 | BO37: =$G37*BM37 -> 0 | BQ37: =BP37*$B$131 -> 0 | BR37: =$G37*BP37 -> 0 | BT37: =BS37*$B$132 -> 0 | BU37: =$G37*BS37 -> 0 | BW37: =BV37*$B$133 -> 0 | BX37: =$G37*BV37 -> 0 | BZ37: =BY37*$B$134 -> 0 | CA37: =$G37*BY37 -> 0 | CC37: =CB37*$B$135 -> 0 | CD37: =$G37*CB37 -> 0 | CF37: =CE37*$B$136 -> 0 | CG37: =$G37*CE37 -> 0 | CI37: =CH37*$B$137 -> 0 | CJ37: =$G37*CH37 -> 0 | CL37: =CK37*$B$138 -> 0 | CM37: =$G37*CK37 -> 0 | CO37: =CN37*$B$139 -> 0 | CP37: =$G37*CN37 -> 0 | CR37: =CQ37*$B$140 -> 0 | CS37: =$G37*CQ37 -> 0 | CU37: =CT37*$B$141 -> 0 | CV37: =$G37*CT37 -> 0 | CX37: =CW37*$B$142 -> 0 | CY37: =$G37*CW37 -> 0 | DA37: =CZ37*$B$143 -> 0 | DB37: =$G37*CZ37 -> 0 | DD37: =DC37*$B$144 -> 0 | DE37: =$G37*DC37 -> 0 | DG37: =DF37*$B$145 -> 0 | DH37: =$G37*DF37 -> 0 | DJ37: =DI37*$B$146 -> 0 | DK37: =$G37*DI37 -> 0 | DM37: =DL37*$B$147 -> 0 | DN37: =$G37*DL37 -> 0 | DP37: =DO37*$B$148 -> 0 | DQ37: =$G37*DO37 -> 0 | DS37: =DR37*$B$149 -> 0 | DT37: =$G37*DR37 -> 0 | DV37: =DU37*$B$150 -> 0 | DW37: =$G37*DU37 -> 0 | DY37: =DX37*$B$151 -> 0 | DZ37: =$G37*DX37 -> 0 | EB37: =EA37*$B$152 -> 0 | EC37: =$G37*EA37 -> 0 | EE37: =ED37*$B$153 -> 0 | EF37: =$G37*ED37 -> 0 | EH37: =EG37*$B$154 -> 0 | EI37: =$G37*EG37 -> 0 | EK37: =EJ37*$B$155 -> 0 | EL37: =$G37*EJ37 -> 0 | EN37: =EM37*$B$156 -> 0 | EO37: =$G37*EM37 -> 0
A38: 33 | B38: Mtg. Stile | C38: Pemko | D38: 351/351S-CPK x height | F38: =SUM(I38,L38,O38,BN38,R38,U38,X38,AA38,BZ38,CC38,CF38,AD38,AG38,AJ38,AM38,AP38,AS38,AV38,AY38,BB38,BE38,BH38,BK38,BQ38,BT38,BW38,CI38,CL38,CO38,CR38,CU38,CX38,DA38,DD38,DG38,DJ38,DM38,DP38,DS38,DV38,DY38,EB38,EE38,EH38,EK38,EN38) -> 1 | I38: =H38*$B$111 -> 0 | J38: =$G38*H38 -> 0 | L38: =K38*$B$112 -> 0 | M38: =$G38*K38 -> 0 | O38: =N38*$B$113 -> 0 | P38: =$G38*N38 -> 0 | Q38: 1 | R38: =Q38*$B$114 -> 1 | S38: =$G38*Q38 -> 0 | U38: =T38*$B$115 -> 0 | V38: =$G38*T38 -> 0 | X38: =W38*$B$116 -> 0 | Y38: =$G38*W38 -> 0 | AA38: =Z38*$B$117 -> 0 | AB38: =$G38*Z38 -> 0 | AD38: =AC38*$B$118 -> 0 | AE38: =$G38*AC38 -> 0 | AG38: =AF38*$B$119 -> 0 | AH38: =$G38*AF38 -> 0 | AJ38: =AI38*$B$120 -> 0 | AK38: =$G38*AI38 -> 0 | AM38: =AL38*$B$121 -> 0 | AN38: =$G38*AL38 -> 0 | AP38: =AO38*$B$122 -> 0 | AQ38: =$G38*AO38 -> 0 | AS38: =AR38*$B$123 -> 0 | AT38: =$G38*AR38 -> 0 | AV38: =AU38*$B$124 -> 0 | AW38: =$G38*AU38 -> 0 | AY38: =AX38*$B$125 -> 0 | AZ38: =$G38*AX38 -> 0 | BB38: =BA38*$B$126 -> 0 | BC38: =$G38*BA38 -> 0 | BE38: =BD38*$B$127 -> 0 | BF38: =$G38*BD38 -> 0 | BH38: =BG38*$B$128 -> 0 | BI38: =$G38*BG38 -> 0 | BK38: =BJ38*$B$129 -> 0 | BL38: =$G38*BJ38 -> 0 | BN38: =BM38*$B$130 -> 0 | BO38: =$G38*BM38 -> 0 | BQ38: =BP38*$B$131 -> 0 | BR38: =$G38*BP38 -> 0 | BT38: =BS38*$B$132 -> 0 | BU38: =$G38*BS38 -> 0 | BW38: =BV38*$B$133 -> 0 | BX38: =$G38*BV38 -> 0 | BZ38: =BY38*$B$134 -> 0 | CA38: =$G38*BY38 -> 0 | CC38: =CB38*$B$135 -> 0 | CD38: =$G38*CB38 -> 0 | CF38: =CE38*$B$136 -> 0 | CG38: =$G38*CE38 -> 0 | CI38: =CH38*$B$137 -> 0 | CJ38: =$G38*CH38 -> 0 | CL38: =CK38*$B$138 -> 0 | CM38: =$G38*CK38 -> 0 | CO38: =CN38*$B$139 -> 0 | CP38: =$G38*CN38 -> 0 | CR38: =CQ38*$B$140 -> 0 | CS38: =$G38*CQ38 -> 0 | CU38: =CT38*$B$141 -> 0 | CV38: =$G38*CT38 -> 0 | CX38: =CW38*$B$142 -> 0 | CY38: =$G38*CW38 -> 0 | DA38: =CZ38*$B$143 -> 0 | DB38: =$G38*CZ38 -> 0 | DD38: =DC38*$B$144 -> 0 | DE38: =$G38*DC38 -> 0 | DG38: =DF38*$B$145 -> 0 | DH38: =$G38*DF38 -> 0 | DJ38: =DI38*$B$146 -> 0 | DK38: =$G38*DI38 -> 0 | DM38: =DL38*$B$147 -> 0 | DN38: =$G38*DL38 -> 0 | DP38: =DO38*$B$148 -> 0 | DQ38: =$G38*DO38 -> 0 | DS38: =DR38*$B$149 -> 0 | DT38: =$G38*DR38 -> 0 | DV38: =DU38*$B$150 -> 0 | DW38: =$G38*DU38 -> 0 | DY38: =DX38*$B$151 -> 0 | DZ38: =$G38*DX38 -> 0 | EB38: =EA38*$B$152 -> 0 | EC38: =$G38*EA38 -> 0 | EE38: =ED38*$B$153 -> 0 | EF38: =$G38*ED38 -> 0 | EH38: =EG38*$B$154 -> 0 | EI38: =$G38*EG38 -> 0 | EK38: =EJ38*$B$155 -> 0 | EL38: =$G38*EJ38 -> 0 | EN38: =EM38*$B$156 -> 0 | EO38: =$G38*EM38 -> 0
A39: 34 | B39: Rdr./Keypad | C39: HID | D39: By Others | F39: =SUM(I39,L39,O39,BN39,R39,U39,X39,AA39,BZ39,CC39,CF39,AD39,AG39,AJ39,AM39,AP39,AS39,AV39,AY39,BB39,BE39,BH39,BK39,BQ39,BT39,BW39,CI39,CL39,CO39,CR39,CU39,CX39,DA39,DD39,DG39,DJ39,DM39,DP39,DS39,DV39,DY39,EB39,EE39,EH39,EK39,EN39) -> 1 | I39: =H39*$B$111 -> 0 | J39: =$G39*H39 -> 0 | L39: =K39*$B$112 -> 0 | M39: =$G39*K39 -> 0 | O39: =N39*$B$113 -> 0 | P39: =$G39*N39 -> 0 | R39: =Q39*$B$114 -> 0 | S39: =$G39*Q39 -> 0 | T39: 1 | U39: =T39*$B$115 -> 1 | V39: =$G39*T39 -> 0 | X39: =W39*$B$116 -> 0 | Y39: =$G39*W39 -> 0 | AA39: =Z39*$B$117 -> 0 | AB39: =$G39*Z39 -> 0 | AD39: =AC39*$B$118 -> 0 | AE39: =$G39*AC39 -> 0 | AG39: =AF39*$B$119 -> 0 | AH39: =$G39*AF39 -> 0 | AJ39: =AI39*$B$120 -> 0 | AK39: =$G39*AI39 -> 0 | AM39: =AL39*$B$121 -> 0 | AN39: =$G39*AL39 -> 0 | AP39: =AO39*$B$122 -> 0 | AQ39: =$G39*AO39 -> 0 | AS39: =AR39*$B$123 -> 0 | AT39: =$G39*AR39 -> 0 | AV39: =AU39*$B$124 -> 0 | AW39: =$G39*AU39 -> 0 | AY39: =AX39*$B$125 -> 0 | AZ39: =$G39*AX39 -> 0 | BB39: =BA39*$B$126 -> 0 | BC39: =$G39*BA39 -> 0 | BE39: =BD39*$B$127 -> 0 | BF39: =$G39*BD39 -> 0 | BH39: =BG39*$B$128 -> 0 | BI39: =$G39*BG39 -> 0 | BK39: =BJ39*$B$129 -> 0 | BL39: =$G39*BJ39 -> 0 | BN39: =BM39*$B$130 -> 0 | BO39: =$G39*BM39 -> 0 | BQ39: =BP39*$B$131 -> 0 | BR39: =$G39*BP39 -> 0 | BT39: =BS39*$B$132 -> 0 | BU39: =$G39*BS39 -> 0 | BW39: =BV39*$B$133 -> 0 | BX39: =$G39*BV39 -> 0 | BZ39: =BY39*$B$134 -> 0 | CA39: =$G39*BY39 -> 0 | CC39: =CB39*$B$135 -> 0 | CD39: =$G39*CB39 -> 0 | CF39: =CE39*$B$136 -> 0 | CG39: =$G39*CE39 -> 0 | CI39: =CH39*$B$137 -> 0 | CJ39: =$G39*CH39 -> 0 | CL39: =CK39*$B$138 -> 0 | CM39: =$G39*CK39 -> 0 | CO39: =CN39*$B$139 -> 0 | CP39: =$G39*CN39 -> 0 | CR39: =CQ39*$B$140 -> 0 | CS39: =$G39*CQ39 -> 0 | CU39: =CT39*$B$141 -> 0 | CV39: =$G39*CT39 -> 0 | CX39: =CW39*$B$142 -> 0 | CY39: =$G39*CW39 -> 0 | DA39: =CZ39*$B$143 -> 0 | DB39: =$G39*CZ39 -> 0 | DD39: =DC39*$B$144 -> 0 | DE39: =$G39*DC39 -> 0 | DG39: =DF39*$B$145 -> 0 | DH39: =$G39*DF39 -> 0 | DJ39: =DI39*$B$146 -> 0 | DK39: =$G39*DI39 -> 0 | DM39: =DL39*$B$147 -> 0 | DN39: =$G39*DL39 -> 0 | DP39: =DO39*$B$148 -> 0 | DQ39: =$G39*DO39 -> 0 | DS39: =DR39*$B$149 -> 0 | DT39: =$G39*DR39 -> 0 | DV39: =DU39*$B$150 -> 0 | DW39: =$G39*DU39 -> 0 | DY39: =DX39*$B$151 -> 0 | DZ39: =$G39*DX39 -> 0 | EB39: =EA39*$B$152 -> 0 | EC39: =$G39*EA39 -> 0 | EE39: =ED39*$B$153 -> 0 | EF39: =$G39*ED39 -> 0 | EH39: =EG39*$B$154 -> 0 | EI39: =$G39*EG39 -> 0 | EK39: =EJ39*$B$155 -> 0 | EL39: =$G39*EJ39 -> 0 | EN39: =EM39*$B$156 -> 0 | EO39: =$G39*EM39 -> 0
A40: 35 | B40: Gasket | C40: Pemko | D40: (17') S88BL x width x 2-height | F40: =SUM(I40,L40,O40,BN40,R40,U40,X40,AA40,BZ40,CC40,CF40,AD40,AG40,AJ40,AM40,AP40,AS40,AV40,AY40,BB40,BE40,BH40,BK40,BQ40,BT40,BW40,CI40,CL40,CO40,CR40,CU40,CX40,DA40,DD40,DG40,DJ40,DM40,DP40,DS40,DV40,DY40,EB40,EE40,EH40,EK40,EN40) -> 11 | I40: =H40*$B$111 -> 0 | J40: =$G40*H40 -> 0 | L40: =K40*$B$112 -> 0 | M40: =$G40*K40 -> 0 | O40: =N40*$B$113 -> 0 | P40: =$G40*N40 -> 0 | R40: =Q40*$B$114 -> 0 | S40: =$G40*Q40 -> 0 | U40: =T40*$B$115 -> 0 | V40: =$G40*T40 -> 0 | W40: 1 | X40: =W40*$B$116 -> 4 | Y40: =$G40*W40 -> 0 | Z40: 1 | AA40: =Z40*$B$117 -> 1 | AB40: =$G40*Z40 -> 0 | AD40: =AC40*$B$118 -> 0 | AE40: =$G40*AC40 -> 0 | AG40: =AF40*$B$119 -> 0 | AH40: =$G40*AF40 -> 0 | AI40: 1 | AJ40: =AI40*$B$120 -> 3 | AK40: =$G40*AI40 -> 0 | AM40: =AL40*$B$121 -> 0 | AN40: =$G40*AL40 -> 0 | AO40: 1 | AP40: =AO40*$B$122 -> 1 | AQ40: =$G40*AO40 -> 0 | AS40: =AR40*$B$123 -> 0 | AT40: =$G40*AR40 -> 0 | AV40: =AU40*$B$124 -> 0 | AW40: =$G40*AU40 -> 0 | AY40: =AX40*$B$125 -> 0 | AZ40: =$G40*AX40 -> 0 | BB40: =BA40*$B$126 -> 0 | BC40: =$G40*BA40 -> 0 | BD40: 1 | BE40: =BD40*$B$127 -> 1 | BF40: =$G40*BD40 -> 0 | BG40: 1 | BH40: =BG40*$B$128 -> 1 | BI40: =$G40*BG40 -> 0 | BK40: =BJ40*$B$129 -> 0 | BL40: =$G40*BJ40 -> 0 | BN40: =BM40*$B$130 -> 0 | BO40: =$G40*BM40 -> 0 | BQ40: =BP40*$B$131 -> 0 | BR40: =$G40*BP40 -> 0 | BT40: =BS40*$B$132 -> 0 | BU40: =$G40*BS40 -> 0 | BW40: =BV40*$B$133 -> 0 | BX40: =$G40*BV40 -> 0 | BZ40: =BY40*$B$134 -> 0 | CA40: =$G40*BY40 -> 0 | CC40: =CB40*$B$135 -> 0 | CD40: =$G40*CB40 -> 0 | CF40: =CE40*$B$136 -> 0 | CG40: =$G40*CE40 -> 0 | CI40: =CH40*$B$137 -> 0 | CJ40: =$G40*CH40 -> 0 | CL40: =CK40*$B$138 -> 0 | CM40: =$G40*CK40 -> 0 | CO40: =CN40*$B$139 -> 0 | CP40: =$G40*CN40 -> 0 | CR40: =CQ40*$B$140 -> 0 | CS40: =$G40*CQ40 -> 0 | CU40: =CT40*$B$141 -> 0 | CV40: =$G40*CT40 -> 0 | CX40: =CW40*$B$142 -> 0 | CY40: =$G40*CW40 -> 0 | DA40: =CZ40*$B$143 -> 0 | DB40: =$G40*CZ40 -> 0 | DD40: =DC40*$B$144 -> 0 | DE40: =$G40*DC40 -> 0 | DG40: =DF40*$B$145 -> 0 | DH40: =$G40*DF40 -> 0 | DJ40: =DI40*$B$146 -> 0 | DK40: =$G40*DI40 -> 0 | DM40: =DL40*$B$147 -> 0 | DN40: =$G40*DL40 -> 0 | DP40: =DO40*$B$148 -> 0 | DQ40: =$G40*DO40 -> 0 | DS40: =DR40*$B$149 -> 0 | DT40: =$G40*DR40 -> 0 | DV40: =DU40*$B$150 -> 0 | DW40: =$G40*DU40 -> 0 | DY40: =DX40*$B$151 -> 0 | DZ40: =$G40*DX40 -> 0 | EB40: =EA40*$B$152 -> 0 | EC40: =$G40*EA40 -> 0 | EE40: =ED40*$B$153 -> 0 | EF40: =$G40*ED40 -> 0 | EH40: =EG40*$B$154 -> 0 | EI40: =$G40*EG40 -> 0 | EK40: =EJ40*$B$155 -> 0 | EL40: =$G40*EJ40 -> 0 | EN40: =EM40*$B$156 -> 0 | EO40: =$G40*EM40 -> 0
A41: 36 | B41: Actuator | C41: Camden | D41: CM-7436VR/4 (inside) | E41: 630 | F41: =SUM(I41,L41,O41,BN41,R41,U41,X41,AA41,BZ41,CC41,CF41,AD41,AG41,AJ41,AM41,AP41,AS41,AV41,AY41,BB41,BE41,BH41,BK41,BQ41,BT41,BW41,CI41,CL41,CO41,CR41,CU41,CX41,DA41,DD41,DG41,DJ41,DM41,DP41,DS41,DV41,DY41,EB41,EE41,EH41,EK41,EN41) -> 5 | I41: =H41*$B$111 -> 0 | J41: =$G41*H41 -> 0 | L41: =K41*$B$112 -> 0 | M41: =$G41*K41 -> 0 | O41: =N41*$B$113 -> 0 | P41: =$G41*N41 -> 0 | R41: =Q41*$B$114 -> 0 | S41: =$G41*Q41 -> 0 | U41: =T41*$B$115 -> 0 | V41: =$G41*T41 -> 0 | W41: 1 | X41: =W41*$B$116 -> 4 | Y41: =$G41*W41 -> 0 | Z41: 1 | AA41: =Z41*$B$117 -> 1 | AB41: =$G41*Z41 -> 0 | AD41: =AC41*$B$118 -> 0 | AE41: =$G41*AC41 -> 0 | AG41: =AF41*$B$119 -> 0 | AH41: =$G41*AF41 -> 0 | AJ41: =AI41*$B$120 -> 0 | AK41: =$G41*AI41 -> 0 | AM41: =AL41*$B$121 -> 0 | AN41: =$G41*AL41 -> 0 | AP41: =AO41*$B$122 -> 0 | AQ41: =$G41*AO41 -> 0 | AS41: =AR41*$B$123 -> 0 | AT41: =$G41*AR41 -> 0 | AV41: =AU41*$B$124 -> 0 | AW41: =$G41*AU41 -> 0 | AY41: =AX41*$B$125 -> 0 | AZ41: =$G41*AX41 -> 0 | BB41: =BA41*$B$126 -> 0 | BC41: =$G41*BA41 -> 0 | BE41: =BD41*$B$127 -> 0 | BF41: =$G41*BD41 -> 0 | BH41: =BG41*$B$128 -> 0 | BI41: =$G41*BG41 -> 0 | BK41: =BJ41*$B$129 -> 0 | BL41: =$G41*BJ41 -> 0 | BN41: =BM41*$B$130 -> 0 | BO41: =$G41*BM41 -> 0 | BQ41: =BP41*$B$131 -> 0 | BR41: =$G41*BP41 -> 0 | BT41: =BS41*$B$132 -> 0 | BU41: =$G41*BS41 -> 0 | BW41: =BV41*$B$133 -> 0 | BX41: =$G41*BV41 -> 0 | BZ41: =BY41*$B$134 -> 0 | CA41: =$G41*BY41 -> 0 | CC41: =CB41*$B$135 -> 0 | CD41: =$G41*CB41 -> 0 | CF41: =CE41*$B$136 -> 0 | CG41: =$G41*CE41 -> 0 | CI41: =CH41*$B$137 -> 0 | CJ41: =$G41*CH41 -> 0 | CL41: =CK41*$B$138 -> 0 | CM41: =$G41*CK41 -> 0 | CO41: =CN41*$B$139 -> 0 | CP41: =$G41*CN41 -> 0 | CR41: =CQ41*$B$140 -> 0 | CS41: =$G41*CQ41 -> 0 | CU41: =CT41*$B$141 -> 0 | CV41: =$G41*CT41 -> 0 | CX41: =CW41*$B$142 -> 0 | CY41: =$G41*CW41 -> 0 | DA41: =CZ41*$B$143 -> 0 | DB41: =$G41*CZ41 -> 0 | DD41: =DC41*$B$144 -> 0 | DE41: =$G41*DC41 -> 0 | DG41: =DF41*$B$145 -> 0 | DH41: =$G41*DF41 -> 0 | DJ41: =DI41*$B$146 -> 0 | DK41: =$G41*DI41 -> 0 | DM41: =DL41*$B$147 -> 0 | DN41: =$G41*DL41 -> 0 | DP41: =DO41*$B$148 -> 0 | DQ41: =$G41*DO41 -> 0 | DS41: =DR41*$B$149 -> 0 | DT41: =$G41*DR41 -> 0 | DV41: =DU41*$B$150 -> 0 | DW41: =$G41*DU41 -> 0 | DY41: =DX41*$B$151 -> 0 | DZ41: =$G41*DX41 -> 0 | EB41: =EA41*$B$152 -> 0 | EC41: =$G41*EA41 -> 0 | EE41: =ED41*$B$153 -> 0 | EF41: =$G41*ED41 -> 0 | EH41: =EG41*$B$154 -> 0 | EI41: =$G41*EG41 -> 0 | EK41: =EJ41*$B$155 -> 0 | EL41: =$G41*EJ41 -> 0 | EN41: =EM41*$B$156 -> 0 | EO41: =$G41*EM41 -> 0
A42: 37 | B42: Door Bottom | C42: Pemko | D42: (36") 420ASL x width | F42: =SUM(I42,L42,O42,BN42,R42,U42,X42,AA42,BZ42,CC42,CF42,AD42,AG42,AJ42,AM42,AP42,AS42,AV42,AY42,BB42,BE42,BH42,BK42,BQ42,BT42,BW42,CI42,CL42,CO42,CR42,CU42,CX42,DA42,DD42,DG42,DJ42,DM42,DP42,DS42,DV42,DY42,EB42,EE42,EH42,EK42,EN42) -> 2 | I42: =H42*$B$111 -> 0 | J42: =$G42*H42 -> 0 | L42: =K42*$B$112 -> 0 | M42: =$G42*K42 -> 0 | O42: =N42*$B$113 -> 0 | P42: =$G42*N42 -> 0 | R42: =Q42*$B$114 -> 0 | S42: =$G42*Q42 -> 0 | U42: =T42*$B$115 -> 0 | V42: =$G42*T42 -> 0 | X42: =W42*$B$116 -> 0 | Y42: =$G42*W42 -> 0 | Z42: 1 | AA42: =Z42*$B$117 -> 1 | AB42: =$G42*Z42 -> 0 | AD42: =AC42*$B$118 -> 0 | AE42: =$G42*AC42 -> 0 | AG42: =AF42*$B$119 -> 0 | AH42: =$G42*AF42 -> 0 | AJ42: =AI42*$B$120 -> 0 | AK42: =$G42*AI42 -> 0 | AM42: =AL42*$B$121 -> 0 | AN42: =$G42*AL42 -> 0 | AO42: 1 | AP42: =AO42*$B$122 -> 1 | AQ42: =$G42*AO42 -> 0 | AS42: =AR42*$B$123 -> 0 | AT42: =$G42*AR42 -> 0 | AV42: =AU42*$B$124 -> 0 | AW42: =$G42*AU42 -> 0 | AY42: =AX42*$B$125 -> 0 | AZ42: =$G42*AX42 -> 0 | BB42: =BA42*$B$126 -> 0 | BC42: =$G42*BA42 -> 0 | BE42: =BD42*$B$127 -> 0 | BF42: =$G42*BD42 -> 0 | BH42: =BG42*$B$128 -> 0 | BI42: =$G42*BG42 -> 0 | BK42: =BJ42*$B$129 -> 0 | BL42: =$G42*BJ42 -> 0 | BN42: =BM42*$B$130 -> 0 | BO42: =$G42*BM42 -> 0 | BQ42: =BP42*$B$131 -> 0 | BR42: =$G42*BP42 -> 0 | BT42: =BS42*$B$132 -> 0 | BU42: =$G42*BS42 -> 0 | BW42: =BV42*$B$133 -> 0 | BX42: =$G42*BV42 -> 0 | BZ42: =BY42*$B$134 -> 0 | CA42: =$G42*BY42 -> 0 | CC42: =CB42*$B$135 -> 0 | CD42: =$G42*CB42 -> 0 | CF42: =CE42*$B$136 -> 0 | CG42: =$G42*CE42 -> 0 | CI42: =CH42*$B$137 -> 0 | CJ42: =$G42*CH42 -> 0 | CL42: =CK42*$B$138 -> 0 | CM42: =$G42*CK42 -> 0 | CO42: =CN42*$B$139 -> 0 | CP42: =$G42*CN42 -> 0 | CR42: =CQ42*$B$140 -> 0 | CS42: =$G42*CQ42 -> 0 | CU42: =CT42*$B$141 -> 0 | CV42: =$G42*CT42 -> 0 | CX42: =CW42*$B$142 -> 0 | CY42: =$G42*CW42 -> 0 | DA42: =CZ42*$B$143 -> 0 | DB42: =$G42*CZ42 -> 0 | DD42: =DC42*$B$144 -> 0 | DE42: =$G42*DC42 -> 0 | DG42: =DF42*$B$145 -> 0 | DH42: =$G42*DF42 -> 0 | DJ42: =DI42*$B$146 -> 0 | DK42: =$G42*DI42 -> 0 | DM42: =DL42*$B$147 -> 0 | DN42: =$G42*DL42 -> 0 | DP42: =DO42*$B$148 -> 0 | DQ42: =$G42*DO42 -> 0 | DS42: =DR42*$B$149 -> 0 | DT42: =$G42*DR42 -> 0 | DV42: =DU42*$B$150 -> 0 | DW42: =$G42*DU42 -> 0 | DY42: =DX42*$B$151 -> 0 | DZ42: =$G42*DX42 -> 0 | EB42: =EA42*$B$152 -> 0 | EC42: =$G42*EA42 -> 0 | EE42: =ED42*$B$153 -> 0 | EF42: =$G42*ED42 -> 0 | EH42: =EG42*$B$154 -> 0 | EI42: =$G42*EG42 -> 0 | EK42: =EJ42*$B$155 -> 0 | EL42: =$G42*EJ42 -> 0 | EN42: =EM42*$B$156 -> 0 | EO42: =$G42*EM42 -> 0
A43: 38 | B43: Actuator | C43: Camden | D43: CM-7536VR/4 | E43: 630 | F43: =SUM(I43,L43,O43,BN43,R43,U43,X43,AA43,BZ43,CC43,CF43,AD43,AG43,AJ43,AM43,AP43,AS43,AV43,AY43,BB43,BE43,BH43,BK43,BQ43,BT43,BW43,CI43,CL43,CO43,CR43,CU43,CX43,DA43,DD43,DG43,DJ43,DM43,DP43,DS43,DV43,DY43,EB43,EE43,EH43,EK43,EN43) -> 8 | I43: =H43*$B$111 -> 0 | J43: =$G43*H43 -> 0 | L43: =K43*$B$112 -> 0 | M43: =$G43*K43 -> 0 | O43: =N43*$B$113 -> 0 | P43: =$G43*N43 -> 0 | Q43: 2 | R43: =Q43*$B$114 -> 2 | S43: =$G43*Q43 -> 0 | T43: 2 | U43: =T43*$B$115 -> 2 | V43: =$G43*T43 -> 0 | W43: 1 | X43: =W43*$B$116 -> 4 | Y43: =$G43*W43 -> 0 | AA43: =Z43*$B$117 -> 0 | AB43: =$G43*Z43 -> 0 | AD43: =AC43*$B$118 -> 0 | AE43: =$G43*AC43 -> 0 | AG43: =AF43*$B$119 -> 0 | AH43: =$G43*AF43 -> 0 | AJ43: =AI43*$B$120 -> 0 | AK43: =$G43*AI43 -> 0 | AM43: =AL43*$B$121 -> 0 | AN43: =$G43*AL43 -> 0 | AP43: =AO43*$B$122 -> 0 | AQ43: =$G43*AO43 -> 0 | AS43: =AR43*$B$123 -> 0 | AT43: =$G43*AR43 -> 0 | AV43: =AU43*$B$124 -> 0 | AW43: =$G43*AU43 -> 0 | AY43: =AX43*$B$125 -> 0 | AZ43: =$G43*AX43 -> 0 | BB43: =BA43*$B$126 -> 0 | BC43: =$G43*BA43 -> 0 | BE43: =BD43*$B$127 -> 0 | BF43: =$G43*BD43 -> 0 | BH43: =BG43*$B$128 -> 0 | BI43: =$G43*BG43 -> 0 | BK43: =BJ43*$B$129 -> 0 | BL43: =$G43*BJ43 -> 0 | BN43: =BM43*$B$130 -> 0 | BO43: =$G43*BM43 -> 0 | BQ43: =BP43*$B$131 -> 0 | BR43: =$G43*BP43 -> 0 | BT43: =BS43*$B$132 -> 0 | BU43: =$G43*BS43 -> 0 | BW43: =BV43*$B$133 -> 0 | BX43: =$G43*BV43 -> 0 | BZ43: =BY43*$B$134 -> 0 | CA43: =$G43*BY43 -> 0 | CC43: =CB43*$B$135 -> 0 | CD43: =$G43*CB43 -> 0 | CF43: =CE43*$B$136 -> 0 | CG43: =$G43*CE43 -> 0 | CI43: =CH43*$B$137 -> 0 | CJ43: =$G43*CH43 -> 0 | CL43: =CK43*$B$138 -> 0 | CM43: =$G43*CK43 -> 0 | CO43: =CN43*$B$139 -> 0 | CP43: =$G43*CN43 -> 0 | CR43: =CQ43*$B$140 -> 0 | CS43: =$G43*CQ43 -> 0 | CU43: =CT43*$B$141 -> 0 | CV43: =$G43*CT43 -> 0 | CX43: =CW43*$B$142 -> 0 | CY43: =$G43*CW43 -> 0 | DA43: =CZ43*$B$143 -> 0 | DB43: =$G43*CZ43 -> 0 | DD43: =DC43*$B$144 -> 0 | DE43: =$G43*DC43 -> 0 | DG43: =DF43*$B$145 -> 0 | DH43: =$G43*DF43 -> 0 | DJ43: =DI43*$B$146 -> 0 | DK43: =$G43*DI43 -> 0 | DM43: =DL43*$B$147 -> 0 | DN43: =$G43*DL43 -> 0 | DP43: =DO43*$B$148 -> 0 | DQ43: =$G43*DO43 -> 0 | DS43: =DR43*$B$149 -> 0 | DT43: =$G43*DR43 -> 0 | DV43: =DU43*$B$150 -> 0 | DW43: =$G43*DU43 -> 0 | DY43: =DX43*$B$151 -> 0 | DZ43: =$G43*DX43 -> 0 | EB43: =EA43*$B$152 -> 0 | EC43: =$G43*EA43 -> 0 | EE43: =ED43*$B$153 -> 0 | EF43: =$G43*ED43 -> 0 | EH43: =EG43*$B$154 -> 0 | EI43: =$G43*EG43 -> 0 | EK43: =EJ43*$B$155 -> 0 | EL43: =$G43*EJ43 -> 0 | EN43: =EM43*$B$156 -> 0 | EO43: =$G43*EM43 -> 0
A44: 39 | B44: Flushbolt | C44: Rockwood | D44: 2805 | E44: 626 | F44: =SUM(I44,L44,O44,BN44,R44,U44,X44,AA44,BZ44,CC44,CF44,AD44,AG44,AJ44,AM44,AP44,AS44,AV44,AY44,BB44,BE44,BH44,BK44,BQ44,BT44,BW44,CI44,CL44,CO44,CR44,CU44,CX44,DA44,DD44,DG44,DJ44,DM44,DP44,DS44,DV44,DY44,EB44,EE44,EH44,EK44,EN44) -> 2 | I44: =H44*$B$111 -> 0 | J44: =$G44*H44 -> 0 | L44: =K44*$B$112 -> 0 | M44: =$G44*K44 -> 0 | O44: =N44*$B$113 -> 0 | P44: =$G44*N44 -> 0 | R44: =Q44*$B$114 -> 0 | S44: =$G44*Q44 -> 0 | U44: =T44*$B$115 -> 0 | V44: =$G44*T44 -> 0 | X44: =W44*$B$116 -> 0 | Y44: =$G44*W44 -> 0 | AA44: =Z44*$B$117 -> 0 | AB44: =$G44*Z44 -> 0 | AC44: 1 | AD44: =AC44*$B$118 -> 1 | AE44: =$G44*AC44 -> 0 | AG44: =AF44*$B$119 -> 0 | AH44: =$G44*AF44 -> 0 | AJ44: =AI44*$B$120 -> 0 | AK44: =$G44*AI44 -> 0 | AM44: =AL44*$B$121 -> 0 | AN44: =$G44*AL44 -> 0 | AP44: =AO44*$B$122 -> 0 | AQ44: =$G44*AO44 -> 0 | AS44: =AR44*$B$123 -> 0 | AT44: =$G44*AR44 -> 0 | AV44: =AU44*$B$124 -> 0 | AW44: =$G44*AU44 -> 0 | AY44: =AX44*$B$125 -> 0 | AZ44: =$G44*AX44 -> 0 | BB44: =BA44*$B$126 -> 0 | BC44: =$G44*BA44 -> 0 | BE44: =BD44*$B$127 -> 0 | BF44: =$G44*BD44 -> 0 | BH44: =BG44*$B$128 -> 0 | BI44: =$G44*BG44 -> 0 | BJ44: 1 | BK44: =BJ44*$B$129 -> 1 | BL44: =$G44*BJ44 -> 0 | BN44: =BM44*$B$130 -> 0 | BO44: =$G44*BM44 -> 0 | BQ44: =BP44*$B$131 -> 0 | BR44: =$G44*BP44 -> 0 | BT44: =BS44*$B$132 -> 0 | BU44: =$G44*BS44 -> 0 | BW44: =BV44*$B$133 -> 0 | BX44: =$G44*BV44 -> 0 | BZ44: =BY44*$B$134 -> 0 | CA44: =$G44*BY44 -> 0 | CC44: =CB44*$B$135 -> 0 | CD44: =$G44*CB44 -> 0 | CF44: =CE44*$B$136 -> 0 | CG44: =$G44*CE44 -> 0 | CI44: =CH44*$B$137 -> 0 | CJ44: =$G44*CH44 -> 0 | CL44: =CK44*$B$138 -> 0 | CM44: =$G44*CK44 -> 0 | CO44: =CN44*$B$139 -> 0 | CP44: =$G44*CN44 -> 0 | CR44: =CQ44*$B$140 -> 0 | CS44: =$G44*CQ44 -> 0 | CU44: =CT44*$B$141 -> 0 | CV44: =$G44*CT44 -> 0 | CX44: =CW44*$B$142 -> 0 | CY44: =$G44*CW44 -> 0 | DA44: =CZ44*$B$143 -> 0 | DB44: =$G44*CZ44 -> 0 | DD44: =DC44*$B$144 -> 0 | DE44: =$G44*DC44 -> 0 | DG44: =DF44*$B$145 -> 0 | DH44: =$G44*DF44 -> 0 | DJ44: =DI44*$B$146 -> 0 | DK44: =$G44*DI44 -> 0 | DM44: =DL44*$B$147 -> 0 | DN44: =$G44*DL44 -> 0 | DP44: =DO44*$B$148 -> 0 | DQ44: =$G44*DO44 -> 0 | DS44: =DR44*$B$149 -> 0 | DT44: =$G44*DR44 -> 0 | DV44: =DU44*$B$150 -> 0 | DW44: =$G44*DU44 -> 0 | DY44: =DX44*$B$151 -> 0 | DZ44: =$G44*DX44 -> 0 | EB44: =EA44*$B$152 -> 0 | EC44: =$G44*EA44 -> 0 | EE44: =ED44*$B$153 -> 0 | EF44: =$G44*ED44 -> 0 | EH44: =EG44*$B$154 -> 0 | EI44: =$G44*EG44 -> 0 | EK44: =EJ44*$B$155 -> 0 | EL44: =$G44*EJ44 -> 0 | EN44: =EM44*$B$156 -> 0 | EO44: =$G44*EM44 -> 0
A45: 40 | B45: Closer | C45: Norton | D45: UNIJ8101- DA x SN (inactive leaf) | E45: 689 | F45: =SUM(I45,L45,O45,BN45,R45,U45,X45,AA45,BZ45,CC45,CF45,AD45,AG45,AJ45,AM45,AP45,AS45,AV45,AY45,BB45,BE45,BH45,BK45,BQ45,BT45,BW45,CI45,CL45,CO45,CR45,CU45,CX45,DA45,DD45,DG45,DJ45,DM45,DP45,DS45,DV45,DY45,EB45,EE45,EH45,EK45,EN45) -> 1 | I45: =H45*$B$111 -> 0 | J45: =$G45*H45 -> 0 | L45: =K45*$B$112 -> 0 | M45: =$G45*K45 -> 0 | O45: =N45*$B$113 -> 0 | P45: =$G45*N45 -> 0 | R45: =Q45*$B$114 -> 0 | S45: =$G45*Q45 -> 0 | U45: =T45*$B$115 -> 0 | V45: =$G45*T45 -> 0 | X45: =W45*$B$116 -> 0 | Y45: =$G45*W45 -> 0 | AA45: =Z45*$B$117 -> 0 | AB45: =$G45*Z45 -> 0 | AC45: 1 | AD45: =AC45*$B$118 -> 1 | AE45: =$G45*AC45 -> 0 | AG45: =AF45*$B$119 -> 0 | AH45: =$G45*AF45 -> 0 | AJ45: =AI45*$B$120 -> 0 | AK45: =$G45*AI45 -> 0 | AM45: =AL45*$B$121 -> 0 | AN45: =$G45*AL45 -> 0 | AP45: =AO45*$B$122 -> 0 | AQ45: =$G45*AO45 -> 0 | AS45: =AR45*$B$123 -> 0 | AT45: =$G45*AR45 -> 0 | AV45: =AU45*$B$124 -> 0 | AW45: =$G45*AU45 -> 0 | AY45: =AX45*$B$125 -> 0 | AZ45: =$G45*AX45 -> 0 | BB45: =BA45*$B$126 -> 0 | BC45: =$G45*BA45 -> 0 | BE45: =BD45*$B$127 -> 0 | BF45: =$G45*BD45 -> 0 | BH45: =BG45*$B$128 -> 0 | BI45: =$G45*BG45 -> 0 | BK45: =BJ45*$B$129 -> 0 | BL45: =$G45*BJ45 -> 0 | BN45: =BM45*$B$130 -> 0 | BO45: =$G45*BM45 -> 0 | BQ45: =BP45*$B$131 -> 0 | BR45: =$G45*BP45 -> 0 | BT45: =BS45*$B$132 -> 0 | BU45: =$G45*BS45 -> 0 | BW45: =BV45*$B$133 -> 0 | BX45: =$G45*BV45 -> 0 | BZ45: =BY45*$B$134 -> 0 | CA45: =$G45*BY45 -> 0 | CC45: =CB45*$B$135 -> 0 | CD45: =$G45*CB45 -> 0 | CF45: =CE45*$B$136 -> 0 | CG45: =$G45*CE45 -> 0 | CI45: =CH45*$B$137 -> 0 | CJ45: =$G45*CH45 -> 0 | CL45: =CK45*$B$138 -> 0 | CM45: =$G45*CK45 -> 0 | CO45: =CN45*$B$139 -> 0 | CP45: =$G45*CN45 -> 0 | CR45: =CQ45*$B$140 -> 0 | CS45: =$G45*CQ45 -> 0 | CU45: =CT45*$B$141 -> 0 | CV45: =$G45*CT45 -> 0 | CX45: =CW45*$B$142 -> 0 | CY45: =$G45*CW45 -> 0 | DA45: =CZ45*$B$143 -> 0 | DB45: =$G45*CZ45 -> 0 | DD45: =DC45*$B$144 -> 0 | DE45: =$G45*DC45 -> 0 | DG45: =DF45*$B$145 -> 0 | DH45: =$G45*DF45 -> 0 | DJ45: =DI45*$B$146 -> 0 | DK45: =$G45*DI45 -> 0 | DM45: =DL45*$B$147 -> 0 | DN45: =$G45*DL45 -> 0 | DP45: =DO45*$B$148 -> 0 | DQ45: =$G45*DO45 -> 0 | DS45: =DR45*$B$149 -> 0 | DT45: =$G45*DR45 -> 0 | DV45: =DU45*$B$150 -> 0 | DW45: =$G45*DU45 -> 0 | DY45: =DX45*$B$151 -> 0 | DZ45: =$G45*DX45 -> 0 | EB45: =EA45*$B$152 -> 0 | EC45: =$G45*EA45 -> 0 | EE45: =ED45*$B$153 -> 0 | EF45: =$G45*ED45 -> 0 | EH45: =EG45*$B$154 -> 0 | EI45: =$G45*EG45 -> 0 | EK45: =EJ45*$B$155 -> 0 | EL45: =$G45*EJ45 -> 0 | EN45: =EM45*$B$156 -> 0 | EO45: =$G45*EM45 -> 0
A46: 41 | B46: Gasket | C46: Pemko | D46: (20') S88BL x width x 2-height | F46: =SUM(I46,L46,O46,BN46,R46,U46,X46,AA46,BZ46,CC46,CF46,AD46,AG46,AJ46,AM46,AP46,AS46,AV46,AY46,BB46,BE46,BH46,BK46,BQ46,BT46,BW46,CI46,CL46,CO46,CR46,CU46,CX46,DA46,DD46,DG46,DJ46,DM46,DP46,DS46,DV46,DY46,EB46,EE46,EH46,EK46,EN46) -> 1 | I46: =H46*$B$111 -> 0 | J46: =$G46*H46 -> 0 | L46: =K46*$B$112 -> 0 | M46: =$G46*K46 -> 0 | O46: =N46*$B$113 -> 0 | P46: =$G46*N46 -> 0 | R46: =Q46*$B$114 -> 0 | S46: =$G46*Q46 -> 0 | U46: =T46*$B$115 -> 0 | V46: =$G46*T46 -> 0 | X46: =W46*$B$116 -> 0 | Y46: =$G46*W46 -> 0 | AA46: =Z46*$B$117 -> 0 | AB46: =$G46*Z46 -> 0 | AC46: 1 | AD46: =AC46*$B$118 -> 1 | AE46: =$G46*AC46 -> 0 | AG46: =AF46*$B$119 -> 0 | AH46: =$G46*AF46 -> 0 | AJ46: =AI46*$B$120 -> 0 | AK46: =$G46*AI46 -> 0 | AM46: =AL46*$B$121 -> 0 | AN46: =$G46*AL46 -> 0 | AP46: =AO46*$B$122 -> 0 | AQ46: =$G46*AO46 -> 0 | AS46: =AR46*$B$123 -> 0 | AT46: =$G46*AR46 -> 0 | AV46: =AU46*$B$124 -> 0 | AW46: =$G46*AU46 -> 0 | AY46: =AX46*$B$125 -> 0 | AZ46: =$G46*AX46 -> 0 | BB46: =BA46*$B$126 -> 0 | BC46: =$G46*BA46 -> 0 | BE46: =BD46*$B$127 -> 0 | BF46: =$G46*BD46 -> 0 | BH46: =BG46*$B$128 -> 0 | BI46: =$G46*BG46 -> 0 | BK46: =BJ46*$B$129 -> 0 | BL46: =$G46*BJ46 -> 0 | BN46: =BM46*$B$130 -> 0 | BO46: =$G46*BM46 -> 0 | BQ46: =BP46*$B$131 -> 0 | BR46: =$G46*BP46 -> 0 | BT46: =BS46*$B$132 -> 0 | BU46: =$G46*BS46 -> 0 | BW46: =BV46*$B$133 -> 0 | BX46: =$G46*BV46 -> 0 | BZ46: =BY46*$B$134 -> 0 | CA46: =$G46*BY46 -> 0 | CC46: =CB46*$B$135 -> 0 | CD46: =$G46*CB46 -> 0 | CF46: =CE46*$B$136 -> 0 | CG46: =$G46*CE46 -> 0 | CI46: =CH46*$B$137 -> 0 | CJ46: =$G46*CH46 -> 0 | CL46: =CK46*$B$138 -> 0 | CM46: =$G46*CK46 -> 0 | CO46: =CN46*$B$139 -> 0 | CP46: =$G46*CN46 -> 0 | CR46: =CQ46*$B$140 -> 0 | CS46: =$G46*CQ46 -> 0 | CU46: =CT46*$B$141 -> 0 | CV46: =$G46*CT46 -> 0 | CX46: =CW46*$B$142 -> 0 | CY46: =$G46*CW46 -> 0 | DA46: =CZ46*$B$143 -> 0 | DB46: =$G46*CZ46 -> 0 | DD46: =DC46*$B$144 -> 0 | DE46: =$G46*DC46 -> 0 | DG46: =DF46*$B$145 -> 0 | DH46: =$G46*DF46 -> 0 | DJ46: =DI46*$B$146 -> 0 | DK46: =$G46*DI46 -> 0 | DM46: =DL46*$B$147 -> 0 | DN46: =$G46*DL46 -> 0 | DP46: =DO46*$B$148 -> 0 | DQ46: =$G46*DO46 -> 0 | DS46: =DR46*$B$149 -> 0 | DT46: =$G46*DR46 -> 0 | DV46: =DU46*$B$150 -> 0 | DW46: =$G46*DU46 -> 0 | DY46: =DX46*$B$151 -> 0 | DZ46: =$G46*DX46 -> 0 | EB46: =EA46*$B$152 -> 0 | EC46: =$G46*EA46 -> 0 | EE46: =ED46*$B$153 -> 0 | EF46: =$G46*ED46 -> 0 | EH46: =EG46*$B$154 -> 0 | EI46: =$G46*EG46 -> 0 | EK46: =EJ46*$B$155 -> 0 | EL46: =$G46*EJ46 -> 0 | EN46: =EM46*$B$156 -> 0 | EO46: =$G46*EM46 -> 0
A47: 42 | B47: Track | C47: KN Crowder | D47: C-108 x Length | F47: =SUM(I47,L47,O47,BN47,R47,U47,X47,AA47,BZ47,CC47,CF47,AD47,AG47,AJ47,AM47,AP47,AS47,AV47,AY47,BB47,BE47,BH47,BK47,BQ47,BT47,BW47,CI47,CL47,CO47,CR47,CU47,CX47,DA47,DD47,DG47,DJ47,DM47,DP47,DS47,DV47,DY47,EB47,EE47,EH47,EK47,EN47) -> 1 | I47: =H47*$B$111 -> 0 | J47: =$G47*H47 -> 0 | L47: =K47*$B$112 -> 0 | M47: =$G47*K47 -> 0 | O47: =N47*$B$113 -> 0 | P47: =$G47*N47 -> 0 | R47: =Q47*$B$114 -> 0 | S47: =$G47*Q47 -> 0 | U47: =T47*$B$115 -> 0 | V47: =$G47*T47 -> 0 | X47: =W47*$B$116 -> 0 | Y47: =$G47*W47 -> 0 | AA47: =Z47*$B$117 -> 0 | AB47: =$G47*Z47 -> 0 | AD47: =AC47*$B$118 -> 0 | AE47: =$G47*AC47 -> 0 | AF47: 1 | AG47: =AF47*$B$119 -> 1 | AH47: =$G47*AF47 -> 0 | AJ47: =AI47*$B$120 -> 0 | AK47: =$G47*AI47 -> 0 | AM47: =AL47*$B$121 -> 0 | AN47: =$G47*AL47 -> 0 | AP47: =AO47*$B$122 -> 0 | AQ47: =$G47*AO47 -> 0 | AS47: =AR47*$B$123 -> 0 | AT47: =$G47*AR47 -> 0 | AV47: =AU47*$B$124 -> 0 | AW47: =$G47*AU47 -> 0 | AY47: =AX47*$B$125 -> 0 | AZ47: =$G47*AX47 -> 0 | BB47: =BA47*$B$126 -> 0 | BC47: =$G47*BA47 -> 0 | BE47: =BD47*$B$127 -> 0 | BF47: =$G47*BD47 -> 0 | BH47: =BG47*$B$128 -> 0 | BI47: =$G47*BG47 -> 0 | BK47: =BJ47*$B$129 -> 0 | BL47: =$G47*BJ47 -> 0 | BN47: =BM47*$B$130 -> 0 | BO47: =$G47*BM47 -> 0 | BQ47: =BP47*$B$131 -> 0 | BR47: =$G47*BP47 -> 0 | BT47: =BS47*$B$132 -> 0 | BU47: =$G47*BS47 -> 0 | BW47: =BV47*$B$133 -> 0 | BX47: =$G47*BV47 -> 0 | BZ47: =BY47*$B$134 -> 0 | CA47: =$G47*BY47 -> 0 | CC47: =CB47*$B$135 -> 0 | CD47: =$G47*CB47 -> 0 | CF47: =CE47*$B$136 -> 0 | CG47: =$G47*CE47 -> 0 | CI47: =CH47*$B$137 -> 0 | CJ47: =$G47*CH47 -> 0 | CL47: =CK47*$B$138 -> 0 | CM47: =$G47*CK47 -> 0 | CO47: =CN47*$B$139 -> 0 | CP47: =$G47*CN47 -> 0 | CR47: =CQ47*$B$140 -> 0 | CS47: =$G47*CQ47 -> 0 | CU47: =CT47*$B$141 -> 0 | CV47: =$G47*CT47 -> 0 | CX47: =CW47*$B$142 -> 0 | CY47: =$G47*CW47 -> 0 | DA47: =CZ47*$B$143 -> 0 | DB47: =$G47*CZ47 -> 0 | DD47: =DC47*$B$144 -> 0 | DE47: =$G47*DC47 -> 0 | DG47: =DF47*$B$145 -> 0 | DH47: =$G47*DF47 -> 0 | DJ47: =DI47*$B$146 -> 0 | DK47: =$G47*DI47 -> 0 | DM47: =DL47*$B$147 -> 0 | DN47: =$G47*DL47 -> 0 | DP47: =DO47*$B$148 -> 0 | DQ47: =$G47*DO47 -> 0 | DS47: =DR47*$B$149 -> 0 | DT47: =$G47*DR47 -> 0 | DV47: =DU47*$B$150 -> 0 | DW47: =$G47*DU47 -> 0 | DY47: =DX47*$B$151 -> 0 | DZ47: =$G47*DX47 -> 0 | EB47: =EA47*$B$152 -> 0 | EC47: =$G47*EA47 -> 0 | EE47: =ED47*$B$153 -> 0 | EF47: =$G47*ED47 -> 0 | EH47: =EG47*$B$154 -> 0 | EI47: =$G47*EG47 -> 0 | EK47: =EJ47*$B$155 -> 0 | EL47: =$G47*EJ47 -> 0 | EN47: =EM47*$B$156 -> 0 | EO47: =$G47*EM47 -> 0
A48: 43 | B48: Hanger | C48: KN Crowder | D48: C-818HD | F48: =SUM(I48,L48,O48,BN48,R48,U48,X48,AA48,BZ48,CC48,CF48,AD48,AG48,AJ48,AM48,AP48,AS48,AV48,AY48,BB48,BE48,BH48,BK48,BQ48,BT48,BW48,CI48,CL48,CO48,CR48,CU48,CX48,DA48,DD48,DG48,DJ48,DM48,DP48,DS48,DV48,DY48,EB48,EE48,EH48,EK48,EN48) -> 2 | I48: =H48*$B$111 -> 0 | J48: =$G48*H48 -> 0 | L48: =K48*$B$112 -> 0 | M48: =$G48*K48 -> 0 | O48: =N48*$B$113 -> 0 | P48: =$G48*N48 -> 0 | R48: =Q48*$B$114 -> 0 | S48: =$G48*Q48 -> 0 | U48: =T48*$B$115 -> 0 | V48: =$G48*T48 -> 0 | X48: =W48*$B$116 -> 0 | Y48: =$G48*W48 -> 0 | AA48: =Z48*$B$117 -> 0 | AB48: =$G48*Z48 -> 0 | AD48: =AC48*$B$118 -> 0 | AE48: =$G48*AC48 -> 0 | AF48: 2 | AG48: =AF48*$B$119 -> 2 | AH48: =$G48*AF48 -> 0 | AJ48: =AI48*$B$120 -> 0 | AK48: =$G48*AI48 -> 0 | AM48: =AL48*$B$121 -> 0 | AN48: =$G48*AL48 -> 0 | AP48: =AO48*$B$122 -> 0 | AQ48: =$G48*AO48 -> 0 | AS48: =AR48*$B$123 -> 0 | AT48: =$G48*AR48 -> 0 | AV48: =AU48*$B$124 -> 0 | AW48: =$G48*AU48 -> 0 | AY48: =AX48*$B$125 -> 0 | AZ48: =$G48*AX48 -> 0 | BB48: =BA48*$B$126 -> 0 | BC48: =$G48*BA48 -> 0 | BE48: =BD48*$B$127 -> 0 | BF48: =$G48*BD48 -> 0 | BH48: =BG48*$B$128 -> 0 | BI48: =$G48*BG48 -> 0 | BK48: =BJ48*$B$129 -> 0 | BL48: =$G48*BJ48 -> 0 | BN48: =BM48*$B$130 -> 0 | BO48: =$G48*BM48 -> 0 | BQ48: =BP48*$B$131 -> 0 | BR48: =$G48*BP48 -> 0 | BT48: =BS48*$B$132 -> 0 | BU48: =$G48*BS48 -> 0 | BW48: =BV48*$B$133 -> 0 | BX48: =$G48*BV48 -> 0 | BZ48: =BY48*$B$134 -> 0 | CA48: =$G48*BY48 -> 0 | CC48: =CB48*$B$135 -> 0 | CD48: =$G48*CB48 -> 0 | CF48: =CE48*$B$136 -> 0 | CG48: =$G48*CE48 -> 0 | CI48: =CH48*$B$137 -> 0 | CJ48: =$G48*CH48 -> 0 | CL48: =CK48*$B$138 -> 0 | CM48: =$G48*CK48 -> 0 | CO48: =CN48*$B$139 -> 0 | CP48: =$G48*CN48 -> 0 | CR48: =CQ48*$B$140 -> 0 | CS48: =$G48*CQ48 -> 0 | CU48: =CT48*$B$141 -> 0 | CV48: =$G48*CT48 -> 0 | CX48: =CW48*$B$142 -> 0 | CY48: =$G48*CW48 -> 0 | DA48: =CZ48*$B$143 -> 0 | DB48: =$G48*CZ48 -> 0 | DD48: =DC48*$B$144 -> 0 | DE48: =$G48*DC48 -> 0 | DG48: =DF48*$B$145 -> 0 | DH48: =$G48*DF48 -> 0 | DJ48: =DI48*$B$146 -> 0 | DK48: =$G48*DI48 -> 0 | DM48: =DL48*$B$147 -> 0 | DN48: =$G48*DL48 -> 0 | DP48: =DO48*$B$148 -> 0 | DQ48: =$G48*DO48 -> 0 | DS48: =DR48*$B$149 -> 0 | DT48: =$G48*DR48 -> 0 | DV48: =DU48*$B$150 -> 0 | DW48: =$G48*DU48 -> 0 | DY48: =DX48*$B$151 -> 0 | DZ48: =$G48*DX48 -> 0 | EB48: =EA48*$B$152 -> 0 | EC48: =$G48*EA48 -> 0 | EE48: =ED48*$B$153 -> 0 | EF48: =$G48*ED48 -> 0 | EH48: =EG48*$B$154 -> 0 | EI48: =$G48*EG48 -> 0 | EK48: =EJ48*$B$155 -> 0 | EL48: =$G48*EJ48 -> 0 | EN48: =EM48*$B$156 -> 0 | EO48: =$G48*EM48 -> 0
A49: 44 | B49: Stop | C49: KN Crowder | D49: C-100HD In-track | E49: 626 | F49: =SUM(I49,L49,O49,BN49,R49,U49,X49,AA49,BZ49,CC49,CF49,AD49,AG49,AJ49,AM49,AP49,AS49,AV49,AY49,BB49,BE49,BH49,BK49,BQ49,BT49,BW49,CI49,CL49,CO49,CR49,CU49,CX49,DA49,DD49,DG49,DJ49,DM49,DP49,DS49,DV49,DY49,EB49,EE49,EH49,EK49,EN49) -> 2 | I49: =H49*$B$111 -> 0 | J49: =$G49*H49 -> 0 | L49: =K49*$B$112 -> 0 | M49: =$G49*K49 -> 0 | O49: =N49*$B$113 -> 0 | P49: =$G49*N49 -> 0 | R49: =Q49*$B$114 -> 0 | S49: =$G49*Q49 -> 0 | U49: =T49*$B$115 -> 0 | V49: =$G49*T49 -> 0 | X49: =W49*$B$116 -> 0 | Y49: =$G49*W49 -> 0 | AA49: =Z49*$B$117 -> 0 | AB49: =$G49*Z49 -> 0 | AD49: =AC49*$B$118 -> 0 | AE49: =$G49*AC49 -> 0 | AF49: 2 | AG49: =AF49*$B$119 -> 2 | AH49: =$G49*AF49 -> 0 | AJ49: =AI49*$B$120 -> 0 | AK49: =$G49*AI49 -> 0 | AM49: =AL49*$B$121 -> 0 | AN49: =$G49*AL49 -> 0 | AP49: =AO49*$B$122 -> 0 | AQ49: =$G49*AO49 -> 0 | AS49: =AR49*$B$123 -> 0 | AT49: =$G49*AR49 -> 0 | AV49: =AU49*$B$124 -> 0 | AW49: =$G49*AU49 -> 0 | AY49: =AX49*$B$125 -> 0 | AZ49: =$G49*AX49 -> 0 | BB49: =BA49*$B$126 -> 0 | BC49: =$G49*BA49 -> 0 | BE49: =BD49*$B$127 -> 0 | BF49: =$G49*BD49 -> 0 | BH49: =BG49*$B$128 -> 0 | BI49: =$G49*BG49 -> 0 | BK49: =BJ49*$B$129 -> 0 | BL49: =$G49*BJ49 -> 0 | BN49: =BM49*$B$130 -> 0 | BO49: =$G49*BM49 -> 0 | BQ49: =BP49*$B$131 -> 0 | BR49: =$G49*BP49 -> 0 | BT49: =BS49*$B$132 -> 0 | BU49: =$G49*BS49 -> 0 | BW49: =BV49*$B$133 -> 0 | BX49: =$G49*BV49 -> 0 | BZ49: =BY49*$B$134 -> 0 | CA49: =$G49*BY49 -> 0 | CC49: =CB49*$B$135 -> 0 | CD49: =$G49*CB49 -> 0 | CF49: =CE49*$B$136 -> 0 | CG49: =$G49*CE49 -> 0 | CI49: =CH49*$B$137 -> 0 | CJ49: =$G49*CH49 -> 0 | CL49: =CK49*$B$138 -> 0 | CM49: =$G49*CK49 -> 0 | CO49: =CN49*$B$139 -> 0 | CP49: =$G49*CN49 -> 0 | CR49: =CQ49*$B$140 -> 0 | CS49: =$G49*CQ49 -> 0 | CU49: =CT49*$B$141 -> 0 | CV49: =$G49*CT49 -> 0 | CX49: =CW49*$B$142 -> 0 | CY49: =$G49*CW49 -> 0 | DA49: =CZ49*$B$143 -> 0 | DB49: =$G49*CZ49 -> 0 | DD49: =DC49*$B$144 -> 0 | DE49: =$G49*DC49 -> 0 | DG49: =DF49*$B$145 -> 0 | DH49: =$G49*DF49 -> 0 | DJ49: =DI49*$B$146 -> 0 | DK49: =$G49*DI49 -> 0 | DM49: =DL49*$B$147 -> 0 | DN49: =$G49*DL49 -> 0 | DP49: =DO49*$B$148 -> 0 | DQ49: =$G49*DO49 -> 0 | DS49: =DR49*$B$149 -> 0 | DT49: =$G49*DR49 -> 0 | DV49: =DU49*$B$150 -> 0 | DW49: =$G49*DU49 -> 0 | DY49: =DX49*$B$151 -> 0 | DZ49: =$G49*DX49 -> 0 | EB49: =EA49*$B$152 -> 0 | EC49: =$G49*EA49 -> 0 | EE49: =ED49*$B$153 -> 0 | EF49: =$G49*ED49 -> 0 | EH49: =EG49*$B$154 -> 0 | EI49: =$G49*EG49 -> 0 | EK49: =EJ49*$B$155 -> 0 | EL49: =$G49*EJ49 -> 0 | EN49: =EM49*$B$156 -> 0 | EO49: =$G49*EM49 -> 0
A50: 45 | B50: Floor Guide | C50: KN Crowder | D50: C-913 | E50: 626 | F50: =SUM(I50,L50,O50,BN50,R50,U50,X50,AA50,BZ50,CC50,CF50,AD50,AG50,AJ50,AM50,AP50,AS50,AV50,AY50,BB50,BE50,BH50,BK50,BQ50,BT50,BW50,CI50,CL50,CO50,CR50,CU50,CX50,DA50,DD50,DG50,DJ50,DM50,DP50,DS50,DV50,DY50,EB50,EE50,EH50,EK50,EN50) -> 1 | I50: =H50*$B$111 -> 0 | J50: =$G50*H50 -> 0 | L50: =K50*$B$112 -> 0 | M50: =$G50*K50 -> 0 | O50: =N50*$B$113 -> 0 | P50: =$G50*N50 -> 0 | R50: =Q50*$B$114 -> 0 | S50: =$G50*Q50 -> 0 | U50: =T50*$B$115 -> 0 | V50: =$G50*T50 -> 0 | X50: =W50*$B$116 -> 0 | Y50: =$G50*W50 -> 0 | AA50: =Z50*$B$117 -> 0 | AB50: =$G50*Z50 -> 0 | AD50: =AC50*$B$118 -> 0 | AE50: =$G50*AC50 -> 0 | AF50: 1 | AG50: =AF50*$B$119 -> 1 | AH50: =$G50*AF50 -> 0 | AJ50: =AI50*$B$120 -> 0 | AK50: =$G50*AI50 -> 0 | AM50: =AL50*$B$121 -> 0 | AN50: =$G50*AL50 -> 0 | AP50: =AO50*$B$122 -> 0 | AQ50: =$G50*AO50 -> 0 | AS50: =AR50*$B$123 -> 0 | AT50: =$G50*AR50 -> 0 | AV50: =AU50*$B$124 -> 0 | AW50: =$G50*AU50 -> 0 | AY50: =AX50*$B$125 -> 0 | AZ50: =$G50*AX50 -> 0 | BB50: =BA50*$B$126 -> 0 | BC50: =$G50*BA50 -> 0 | BE50: =BD50*$B$127 -> 0 | BF50: =$G50*BD50 -> 0 | BH50: =BG50*$B$128 -> 0 | BI50: =$G50*BG50 -> 0 | BK50: =BJ50*$B$129 -> 0 | BL50: =$G50*BJ50 -> 0 | BN50: =BM50*$B$130 -> 0 | BO50: =$G50*BM50 -> 0 | BQ50: =BP50*$B$131 -> 0 | BR50: =$G50*BP50 -> 0 | BT50: =BS50*$B$132 -> 0 | BU50: =$G50*BS50 -> 0 | BW50: =BV50*$B$133 -> 0 | BX50: =$G50*BV50 -> 0 | BZ50: =BY50*$B$134 -> 0 | CA50: =$G50*BY50 -> 0 | CC50: =CB50*$B$135 -> 0 | CD50: =$G50*CB50 -> 0 | CF50: =CE50*$B$136 -> 0 | CG50: =$G50*CE50 -> 0 | CI50: =CH50*$B$137 -> 0 | CJ50: =$G50*CH50 -> 0 | CL50: =CK50*$B$138 -> 0 | CM50: =$G50*CK50 -> 0 | CO50: =CN50*$B$139 -> 0 | CP50: =$G50*CN50 -> 0 | CR50: =CQ50*$B$140 -> 0 | CS50: =$G50*CQ50 -> 0 | CU50: =CT50*$B$141 -> 0 | CV50: =$G50*CT50 -> 0 | CX50: =CW50*$B$142 -> 0 | CY50: =$G50*CW50 -> 0 | DA50: =CZ50*$B$143 -> 0 | DB50: =$G50*CZ50 -> 0 | DD50: =DC50*$B$144 -> 0 | DE50: =$G50*DC50 -> 0 | DG50: =DF50*$B$145 -> 0 | DH50: =$G50*DF50 -> 0 | DJ50: =DI50*$B$146 -> 0 | DK50: =$G50*DI50 -> 0 | DM50: =DL50*$B$147 -> 0 | DN50: =$G50*DL50 -> 0 | DP50: =DO50*$B$148 -> 0 | DQ50: =$G50*DO50 -> 0 | DS50: =DR50*$B$149 -> 0 | DT50: =$G50*DR50 -> 0 | DV50: =DU50*$B$150 -> 0 | DW50: =$G50*DU50 -> 0 | DY50: =DX50*$B$151 -> 0 | DZ50: =$G50*DX50 -> 0 | EB50: =EA50*$B$152 -> 0 | EC50: =$G50*EA50 -> 0 | EE50: =ED50*$B$153 -> 0 | EF50: =$G50*ED50 -> 0 | EH50: =EG50*$B$154 -> 0 | EI50: =$G50*EG50 -> 0 | EK50: =EJ50*$B$155 -> 0 | EL50: =$G50*EJ50 -> 0 | EN50: =EM50*$B$156 -> 0 | EO50: =$G50*EM50 -> 0
A51: 46 | B51: Channel | C51: KN Crowder | D51: C-914 Guide x Length | E51: 626 | F51: =SUM(I51,L51,O51,BN51,R51,U51,X51,AA51,BZ51,CC51,CF51,AD51,AG51,AJ51,AM51,AP51,AS51,AV51,AY51,BB51,BE51,BH51,BK51,BQ51,BT51,BW51,CI51,CL51,CO51,CR51,CU51,CX51,DA51,DD51,DG51,DJ51,DM51,DP51,DS51,DV51,DY51,EB51,EE51,EH51,EK51,EN51) -> 1 | I51: =H51*$B$111 -> 0 | J51: =$G51*H51 -> 0 | L51: =K51*$B$112 -> 0 | M51: =$G51*K51 -> 0 | O51: =N51*$B$113 -> 0 | P51: =$G51*N51 -> 0 | R51: =Q51*$B$114 -> 0 | S51: =$G51*Q51 -> 0 | U51: =T51*$B$115 -> 0 | V51: =$G51*T51 -> 0 | X51: =W51*$B$116 -> 0 | Y51: =$G51*W51 -> 0 | AA51: =Z51*$B$117 -> 0 | AB51: =$G51*Z51 -> 0 | AD51: =AC51*$B$118 -> 0 | AE51: =$G51*AC51 -> 0 | AF51: 1 | AG51: =AF51*$B$119 -> 1 | AH51: =$G51*AF51 -> 0 | AJ51: =AI51*$B$120 -> 0 | AK51: =$G51*AI51 -> 0 | AM51: =AL51*$B$121 -> 0 | AN51: =$G51*AL51 -> 0 | AP51: =AO51*$B$122 -> 0 | AQ51: =$G51*AO51 -> 0 | AS51: =AR51*$B$123 -> 0 | AT51: =$G51*AR51 -> 0 | AV51: =AU51*$B$124 -> 0 | AW51: =$G51*AU51 -> 0 | AY51: =AX51*$B$125 -> 0 | AZ51: =$G51*AX51 -> 0 | BB51: =BA51*$B$126 -> 0 | BC51: =$G51*BA51 -> 0 | BE51: =BD51*$B$127 -> 0 | BF51: =$G51*BD51 -> 0 | BH51: =BG51*$B$128 -> 0 | BI51: =$G51*BG51 -> 0 | BK51: =BJ51*$B$129 -> 0 | BL51: =$G51*BJ51 -> 0 | BN51: =BM51*$B$130 -> 0 | BO51: =$G51*BM51 -> 0 | BQ51: =BP51*$B$131 -> 0 | BR51: =$G51*BP51 -> 0 | BT51: =BS51*$B$132 -> 0 | BU51: =$G51*BS51 -> 0 | BW51: =BV51*$B$133 -> 0 | BX51: =$G51*BV51 -> 0 | BZ51: =BY51*$B$134 -> 0 | CA51: =$G51*BY51 -> 0 | CC51: =CB51*$B$135 -> 0 | CD51: =$G51*CB51 -> 0 | CF51: =CE51*$B$136 -> 0 | CG51: =$G51*CE51 -> 0 | CI51: =CH51*$B$137 -> 0 | CJ51: =$G51*CH51 -> 0 | CL51: =CK51*$B$138 -> 0 | CM51: =$G51*CK51 -> 0 | CO51: =CN51*$B$139 -> 0 | CP51: =$G51*CN51 -> 0 | CR51: =CQ51*$B$140 -> 0 | CS51: =$G51*CQ51 -> 0 | CU51: =CT51*$B$141 -> 0 | CV51: =$G51*CT51 -> 0 | CX51: =CW51*$B$142 -> 0 | CY51: =$G51*CW51 -> 0 | DA51: =CZ51*$B$143 -> 0 | DB51: =$G51*CZ51 -> 0 | DD51: =DC51*$B$144 -> 0 | DE51: =$G51*DC51 -> 0 | DG51: =DF51*$B$145 -> 0 | DH51: =$G51*DF51 -> 0 | DJ51: =DI51*$B$146 -> 0 | DK51: =$G51*DI51 -> 0 | DM51: =DL51*$B$147 -> 0 | DN51: =$G51*DL51 -> 0 | DP51: =DO51*$B$148 -> 0 | DQ51: =$G51*DO51 -> 0 | DS51: =DR51*$B$149 -> 0 | DT51: =$G51*DR51 -> 0 | DV51: =DU51*$B$150 -> 0 | DW51: =$G51*DU51 -> 0 | DY51: =DX51*$B$151 -> 0 | DZ51: =$G51*DX51 -> 0 | EB51: =EA51*$B$152 -> 0 | EC51: =$G51*EA51 -> 0 | EE51: =ED51*$B$153 -> 0 | EF51: =$G51*ED51 -> 0 | EH51: =EG51*$B$154 -> 0 | EI51: =$G51*EG51 -> 0 | EK51: =EJ51*$B$155 -> 0 | EL51: =$G51*EJ51 -> 0 | EN51: =EM51*$B$156 -> 0 | EO51: =$G51*EM51 -> 0
A52: 47 | B52: Fascia | C52: KN Crowder | D52: C-110 x Length x Primer Finish | F52: =SUM(I52,L52,O52,BN52,R52,U52,X52,AA52,BZ52,CC52,CF52,AD52,AG52,AJ52,AM52,AP52,AS52,AV52,AY52,BB52,BE52,BH52,BK52,BQ52,BT52,BW52,CI52,CL52,CO52,CR52,CU52,CX52,DA52,DD52,DG52,DJ52,DM52,DP52,DS52,DV52,DY52,EB52,EE52,EH52,EK52,EN52) -> 1 | I52: =H52*$B$111 -> 0 | J52: =$G52*H52 -> 0 | L52: =K52*$B$112 -> 0 | M52: =$G52*K52 -> 0 | O52: =N52*$B$113 -> 0 | P52: =$G52*N52 -> 0 | R52: =Q52*$B$114 -> 0 | S52: =$G52*Q52 -> 0 | U52: =T52*$B$115 -> 0 | V52: =$G52*T52 -> 0 | X52: =W52*$B$116 -> 0 | Y52: =$G52*W52 -> 0 | AA52: =Z52*$B$117 -> 0 | AB52: =$G52*Z52 -> 0 | AD52: =AC52*$B$118 -> 0 | AE52: =$G52*AC52 -> 0 | AF52: 1 | AG52: =AF52*$B$119 -> 1 | AH52: =$G52*AF52 -> 0 | AJ52: =AI52*$B$120 -> 0 | AK52: =$G52*AI52 -> 0 | AM52: =AL52*$B$121 -> 0 | AN52: =$G52*AL52 -> 0 | AP52: =AO52*$B$122 -> 0 | AQ52: =$G52*AO52 -> 0 | AS52: =AR52*$B$123 -> 0 | AT52: =$G52*AR52 -> 0 | AV52: =AU52*$B$124 -> 0 | AW52: =$G52*AU52 -> 0 | AY52: =AX52*$B$125 -> 0 | AZ52: =$G52*AX52 -> 0 | BB52: =BA52*$B$126 -> 0 | BC52: =$G52*BA52 -> 0 | BE52: =BD52*$B$127 -> 0 | BF52: =$G52*BD52 -> 0 | BH52: =BG52*$B$128 -> 0 | BI52: =$G52*BG52 -> 0 | BK52: =BJ52*$B$129 -> 0 | BL52: =$G52*BJ52 -> 0 | BN52: =BM52*$B$130 -> 0 | BO52: =$G52*BM52 -> 0 | BQ52: =BP52*$B$131 -> 0 | BR52: =$G52*BP52 -> 0 | BT52: =BS52*$B$132 -> 0 | BU52: =$G52*BS52 -> 0 | BW52: =BV52*$B$133 -> 0 | BX52: =$G52*BV52 -> 0 | BZ52: =BY52*$B$134 -> 0 | CA52: =$G52*BY52 -> 0 | CC52: =CB52*$B$135 -> 0 | CD52: =$G52*CB52 -> 0 | CF52: =CE52*$B$136 -> 0 | CG52: =$G52*CE52 -> 0 | CI52: =CH52*$B$137 -> 0 | CJ52: =$G52*CH52 -> 0 | CL52: =CK52*$B$138 -> 0 | CM52: =$G52*CK52 -> 0 | CO52: =CN52*$B$139 -> 0 | CP52: =$G52*CN52 -> 0 | CR52: =CQ52*$B$140 -> 0 | CS52: =$G52*CQ52 -> 0 | CU52: =CT52*$B$141 -> 0 | CV52: =$G52*CT52 -> 0 | CX52: =CW52*$B$142 -> 0 | CY52: =$G52*CW52 -> 0 | DA52: =CZ52*$B$143 -> 0 | DB52: =$G52*CZ52 -> 0 | DD52: =DC52*$B$144 -> 0 | DE52: =$G52*DC52 -> 0 | DG52: =DF52*$B$145 -> 0 | DH52: =$G52*DF52 -> 0 | DJ52: =DI52*$B$146 -> 0 | DK52: =$G52*DI52 -> 0 | DM52: =DL52*$B$147 -> 0 | DN52: =$G52*DL52 -> 0 | DP52: =DO52*$B$148 -> 0 | DQ52: =$G52*DO52 -> 0 | DS52: =DR52*$B$149 -> 0 | DT52: =$G52*DR52 -> 0 | DV52: =DU52*$B$150 -> 0 | DW52: =$G52*DU52 -> 0 | DY52: =DX52*$B$151 -> 0 | DZ52: =$G52*DX52 -> 0 | EB52: =EA52*$B$152 -> 0 | EC52: =$G52*EA52 -> 0 | EE52: =ED52*$B$153 -> 0 | EF52: =$G52*ED52 -> 0 | EH52: =EG52*$B$154 -> 0 | EI52: =$G52*EG52 -> 0 | EK52: =EJ52*$B$155 -> 0 | EL52: =$G52*EJ52 -> 0 | EN52: =EM52*$B$156 -> 0 | EO52: =$G52*EM52 -> 0
A53: 48 | B53: End Cap | C53: KN Crowder | D53: C-110 x Primer Finish | F53: =SUM(I53,L53,O53,BN53,R53,U53,X53,AA53,BZ53,CC53,CF53,AD53,AG53,AJ53,AM53,AP53,AS53,AV53,AY53,BB53,BE53,BH53,BK53,BQ53,BT53,BW53,CI53,CL53,CO53,CR53,CU53,CX53,DA53,DD53,DG53,DJ53,DM53,DP53,DS53,DV53,DY53,EB53,EE53,EH53,EK53,EN53) -> 2 | I53: =H53*$B$111 -> 0 | J53: =$G53*H53 -> 0 | L53: =K53*$B$112 -> 0 | M53: =$G53*K53 -> 0 | O53: =N53*$B$113 -> 0 | P53: =$G53*N53 -> 0 | R53: =Q53*$B$114 -> 0 | S53: =$G53*Q53 -> 0 | U53: =T53*$B$115 -> 0 | V53: =$G53*T53 -> 0 | X53: =W53*$B$116 -> 0 | Y53: =$G53*W53 -> 0 | AA53: =Z53*$B$117 -> 0 | AB53: =$G53*Z53 -> 0 | AD53: =AC53*$B$118 -> 0 | AE53: =$G53*AC53 -> 0 | AF53: 2 | AG53: =AF53*$B$119 -> 2 | AH53: =$G53*AF53 -> 0 | AJ53: =AI53*$B$120 -> 0 | AK53: =$G53*AI53 -> 0 | AM53: =AL53*$B$121 -> 0 | AN53: =$G53*AL53 -> 0 | AP53: =AO53*$B$122 -> 0 | AQ53: =$G53*AO53 -> 0 | AS53: =AR53*$B$123 -> 0 | AT53: =$G53*AR53 -> 0 | AV53: =AU53*$B$124 -> 0 | AW53: =$G53*AU53 -> 0 | AY53: =AX53*$B$125 -> 0 | AZ53: =$G53*AX53 -> 0 | BB53: =BA53*$B$126 -> 0 | BC53: =$G53*BA53 -> 0 | BE53: =BD53*$B$127 -> 0 | BF53: =$G53*BD53 -> 0 | BH53: =BG53*$B$128 -> 0 | BI53: =$G53*BG53 -> 0 | BK53: =BJ53*$B$129 -> 0 | BL53: =$G53*BJ53 -> 0 | BN53: =BM53*$B$130 -> 0 | BO53: =$G53*BM53 -> 0 | BQ53: =BP53*$B$131 -> 0 | BR53: =$G53*BP53 -> 0 | BT53: =BS53*$B$132 -> 0 | BU53: =$G53*BS53 -> 0 | BW53: =BV53*$B$133 -> 0 | BX53: =$G53*BV53 -> 0 | BZ53: =BY53*$B$134 -> 0 | CA53: =$G53*BY53 -> 0 | CC53: =CB53*$B$135 -> 0 | CD53: =$G53*CB53 -> 0 | CF53: =CE53*$B$136 -> 0 | CG53: =$G53*CE53 -> 0 | CI53: =CH53*$B$137 -> 0 | CJ53: =$G53*CH53 -> 0 | CL53: =CK53*$B$138 -> 0 | CM53: =$G53*CK53 -> 0 | CO53: =CN53*$B$139 -> 0 | CP53: =$G53*CN53 -> 0 | CR53: =CQ53*$B$140 -> 0 | CS53: =$G53*CQ53 -> 0 | CU53: =CT53*$B$141 -> 0 | CV53: =$G53*CT53 -> 0 | CX53: =CW53*$B$142 -> 0 | CY53: =$G53*CW53 -> 0 | DA53: =CZ53*$B$143 -> 0 | DB53: =$G53*CZ53 -> 0 | DD53: =DC53*$B$144 -> 0 | DE53: =$G53*DC53 -> 0 | DG53: =DF53*$B$145 -> 0 | DH53: =$G53*DF53 -> 0 | DJ53: =DI53*$B$146 -> 0 | DK53: =$G53*DI53 -> 0 | DM53: =DL53*$B$147 -> 0 | DN53: =$G53*DL53 -> 0 | DP53: =DO53*$B$148 -> 0 | DQ53: =$G53*DO53 -> 0 | DS53: =DR53*$B$149 -> 0 | DT53: =$G53*DR53 -> 0 | DV53: =DU53*$B$150 -> 0 | DW53: =$G53*DU53 -> 0 | DY53: =DX53*$B$151 -> 0 | DZ53: =$G53*DX53 -> 0 | EB53: =EA53*$B$152 -> 0 | EC53: =$G53*EA53 -> 0 | EE53: =ED53*$B$153 -> 0 | EF53: =$G53*ED53 -> 0 | EH53: =EG53*$B$154 -> 0 | EI53: =$G53*EG53 -> 0 | EK53: =EJ53*$B$155 -> 0 | EL53: =$G53*EJ53 -> 0 | EN53: =EM53*$B$156 -> 0 | EO53: =$G53*EM53 -> 0
A54: 49 | B54: Passage Set | C54: Inox | D54: XGT-202-PD9610 x hand | E54: 630 | F54: =SUM(I54,L54,O54,BN54,R54,U54,X54,AA54,BZ54,CC54,CF54,AD54,AG54,AJ54,AM54,AP54,AS54,AV54,AY54,BB54,BE54,BH54,BK54,BQ54,BT54,BW54,CI54,CL54,CO54,CR54,CU54,CX54,DA54,DD54,DG54,DJ54,DM54,DP54,DS54,DV54,DY54,EB54,EE54,EH54,EK54,EN54) -> 1 | I54: =H54*$B$111 -> 0 | J54: =$G54*H54 -> 0 | L54: =K54*$B$112 -> 0 | M54: =$G54*K54 -> 0 | O54: =N54*$B$113 -> 0 | P54: =$G54*N54 -> 0 | R54: =Q54*$B$114 -> 0 | S54: =$G54*Q54 -> 0 | U54: =T54*$B$115 -> 0 | V54: =$G54*T54 -> 0 | X54: =W54*$B$116 -> 0 | Y54: =$G54*W54 -> 0 | AA54: =Z54*$B$117 -> 0 | AB54: =$G54*Z54 -> 0 | AD54: =AC54*$B$118 -> 0 | AE54: =$G54*AC54 -> 0 | AF54: 1 | AG54: =AF54*$B$119 -> 1 | AH54: =$G54*AF54 -> 0 | AJ54: =AI54*$B$120 -> 0 | AK54: =$G54*AI54 -> 0 | AM54: =AL54*$B$121 -> 0 | AN54: =$G54*AL54 -> 0 | AP54: =AO54*$B$122 -> 0 | AQ54: =$G54*AO54 -> 0 | AS54: =AR54*$B$123 -> 0 | AT54: =$G54*AR54 -> 0 | AV54: =AU54*$B$124 -> 0 | AW54: =$G54*AU54 -> 0 | AY54: =AX54*$B$125 -> 0 | AZ54: =$G54*AX54 -> 0 | BB54: =BA54*$B$126 -> 0 | BC54: =$G54*BA54 -> 0 | BE54: =BD54*$B$127 -> 0 | BF54: =$G54*BD54 -> 0 | BH54: =BG54*$B$128 -> 0 | BI54: =$G54*BG54 -> 0 | BK54: =BJ54*$B$129 -> 0 | BL54: =$G54*BJ54 -> 0 | BN54: =BM54*$B$130 -> 0 | BO54: =$G54*BM54 -> 0 | BQ54: =BP54*$B$131 -> 0 | BR54: =$G54*BP54 -> 0 | BT54: =BS54*$B$132 -> 0 | BU54: =$G54*BS54 -> 0 | BW54: =BV54*$B$133 -> 0 | BX54: =$G54*BV54 -> 0 | BZ54: =BY54*$B$134 -> 0 | CA54: =$G54*BY54 -> 0 | CC54: =CB54*$B$135 -> 0 | CD54: =$G54*CB54 -> 0 | CF54: =CE54*$B$136 -> 0 | CG54: =$G54*CE54 -> 0 | CI54: =CH54*$B$137 -> 0 | CJ54: =$G54*CH54 -> 0 | CL54: =CK54*$B$138 -> 0 | CM54: =$G54*CK54 -> 0 | CO54: =CN54*$B$139 -> 0 | CP54: =$G54*CN54 -> 0 | CR54: =CQ54*$B$140 -> 0 | CS54: =$G54*CQ54 -> 0 | CU54: =CT54*$B$141 -> 0 | CV54: =$G54*CT54 -> 0 | CX54: =CW54*$B$142 -> 0 | CY54: =$G54*CW54 -> 0 | DA54: =CZ54*$B$143 -> 0 | DB54: =$G54*CZ54 -> 0 | DD54: =DC54*$B$144 -> 0 | DE54: =$G54*DC54 -> 0 | DG54: =DF54*$B$145 -> 0 | DH54: =$G54*DF54 -> 0 | DJ54: =DI54*$B$146 -> 0 | DK54: =$G54*DI54 -> 0 | DM54: =DL54*$B$147 -> 0 | DN54: =$G54*DL54 -> 0 | DP54: =DO54*$B$148 -> 0 | DQ54: =$G54*DO54 -> 0 | DS54: =DR54*$B$149 -> 0 | DT54: =$G54*DR54 -> 0 | DV54: =DU54*$B$150 -> 0 | DW54: =$G54*DU54 -> 0 | DY54: =DX54*$B$151 -> 0 | DZ54: =$G54*DX54 -> 0 | EB54: =EA54*$B$152 -> 0 | EC54: =$G54*EA54 -> 0 | EE54: =ED54*$B$153 -> 0 | EF54: =$G54*ED54 -> 0 | EH54: =EG54*$B$154 -> 0 | EI54: =$G54*EG54 -> 0 | EK54: =EJ54*$B$155 -> 0 | EL54: =$G54*EJ54 -> 0 | EN54: =EM54*$B$156 -> 0 | EO54: =$G54*EM54 -> 0
A55: 50 | B55: Wall Strike | C55: Inox | D55: WS90L | E55: 630 | F55: =SUM(I55,L55,O55,BN55,R55,U55,X55,AA55,BZ55,CC55,CF55,AD55,AG55,AJ55,AM55,AP55,AS55,AV55,AY55,BB55,BE55,BH55,BK55,BQ55,BT55,BW55,CI55,CL55,CO55,CR55,CU55,CX55,DA55,DD55,DG55,DJ55,DM55,DP55,DS55,DV55,DY55,EB55,EE55,EH55,EK55,EN55) -> 1 | I55: =H55*$B$111 -> 0 | J55: =$G55*H55 -> 0 | L55: =K55*$B$112 -> 0 | M55: =$G55*K55 -> 0 | O55: =N55*$B$113 -> 0 | P55: =$G55*N55 -> 0 | R55: =Q55*$B$114 -> 0 | S55: =$G55*Q55 -> 0 | U55: =T55*$B$115 -> 0 | V55: =$G55*T55 -> 0 | X55: =W55*$B$116 -> 0 | Y55: =$G55*W55 -> 0 | AA55: =Z55*$B$117 -> 0 | AB55: =$G55*Z55 -> 0 | AD55: =AC55*$B$118 -> 0 | AE55: =$G55*AC55 -> 0 | AF55: 1 | AG55: =AF55*$B$119 -> 1 | AH55: =$G55*AF55 -> 0 | AJ55: =AI55*$B$120 -> 0 | AK55: =$G55*AI55 -> 0 | AM55: =AL55*$B$121 -> 0 | AN55: =$G55*AL55 -> 0 | AP55: =AO55*$B$122 -> 0 | AQ55: =$G55*AO55 -> 0 | AS55: =AR55*$B$123 -> 0 | AT55: =$G55*AR55 -> 0 | AV55: =AU55*$B$124 -> 0 | AW55: =$G55*AU55 -> 0 | AY55: =AX55*$B$125 -> 0 | AZ55: =$G55*AX55 -> 0 | BB55: =BA55*$B$126 -> 0 | BC55: =$G55*BA55 -> 0 | BE55: =BD55*$B$127 -> 0 | BF55: =$G55*BD55 -> 0 | BH55: =BG55*$B$128 -> 0 | BI55: =$G55*BG55 -> 0 | BK55: =BJ55*$B$129 -> 0 | BL55: =$G55*BJ55 -> 0 | BN55: =BM55*$B$130 -> 0 | BO55: =$G55*BM55 -> 0 | BQ55: =BP55*$B$131 -> 0 | BR55: =$G55*BP55 -> 0 | BT55: =BS55*$B$132 -> 0 | BU55: =$G55*BS55 -> 0 | BW55: =BV55*$B$133 -> 0 | BX55: =$G55*BV55 -> 0 | BZ55: =BY55*$B$134 -> 0 | CA55: =$G55*BY55 -> 0 | CC55: =CB55*$B$135 -> 0 | CD55: =$G55*CB55 -> 0 | CF55: =CE55*$B$136 -> 0 | CG55: =$G55*CE55 -> 0 | CI55: =CH55*$B$137 -> 0 | CJ55: =$G55*CH55 -> 0 | CL55: =CK55*$B$138 -> 0 | CM55: =$G55*CK55 -> 0 | CO55: =CN55*$B$139 -> 0 | CP55: =$G55*CN55 -> 0 | CR55: =CQ55*$B$140 -> 0 | CS55: =$G55*CQ55 -> 0 | CU55: =CT55*$B$141 -> 0 | CV55: =$G55*CT55 -> 0 | CX55: =CW55*$B$142 -> 0 | CY55: =$G55*CW55 -> 0 | DA55: =CZ55*$B$143 -> 0 | DB55: =$G55*CZ55 -> 0 | DD55: =DC55*$B$144 -> 0 | DE55: =$G55*DC55 -> 0 | DG55: =DF55*$B$145 -> 0 | DH55: =$G55*DF55 -> 0 | DJ55: =DI55*$B$146 -> 0 | DK55: =$G55*DI55 -> 0 | DM55: =DL55*$B$147 -> 0 | DN55: =$G55*DL55 -> 0 | DP55: =DO55*$B$148 -> 0 | DQ55: =$G55*DO55 -> 0 | DS55: =DR55*$B$149 -> 0 | DT55: =$G55*DR55 -> 0 | DV55: =DU55*$B$150 -> 0 | DW55: =$G55*DU55 -> 0 | DY55: =DX55*$B$151 -> 0 | DZ55: =$G55*DX55 -> 0 | EB55: =EA55*$B$152 -> 0 | EC55: =$G55*EA55 -> 0 | EE55: =ED55*$B$153 -> 0 | EF55: =$G55*ED55 -> 0 | EH55: =EG55*$B$154 -> 0 | EI55: =$G55*EG55 -> 0 | EK55: =EJ55*$B$155 -> 0 | EL55: =$G55*EJ55 -> 0 | EN55: =EM55*$B$156 -> 0 | EO55: =$G55*EM55 -> 0
A56: 51 | B56: Closer | C56: Norton | D56: 7500-DA-ST x SN | E56: 689 | F56: =SUM(I56,L56,O56,BN56,R56,U56,X56,AA56,BZ56,CC56,CF56,AD56,AG56,AJ56,AM56,AP56,AS56,AV56,AY56,BB56,BE56,BH56,BK56,BQ56,BT56,BW56,CI56,CL56,CO56,CR56,CU56,CX56,DA56,DD56,DG56,DJ56,DM56,DP56,DS56,DV56,DY56,EB56,EE56,EH56,EK56,EN56) -> 5 | I56: =H56*$B$111 -> 0 | J56: =$G56*H56 -> 0 | L56: =K56*$B$112 -> 0 | M56: =$G56*K56 -> 0 | O56: =N56*$B$113 -> 0 | P56: =$G56*N56 -> 0 | R56: =Q56*$B$114 -> 0 | S56: =$G56*Q56 -> 0 | U56: =T56*$B$115 -> 0 | V56: =$G56*T56 -> 0 | X56: =W56*$B$116 -> 0 | Y56: =$G56*W56 -> 0 | AA56: =Z56*$B$117 -> 0 | AB56: =$G56*Z56 -> 0 | AD56: =AC56*$B$118 -> 0 | AE56: =$G56*AC56 -> 0 | AG56: =AF56*$B$119 -> 0 | AH56: =$G56*AF56 -> 0 | AI56: 1 | AJ56: =AI56*$B$120 -> 3 | AK56: =$G56*AI56 -> 0 | AL56: 1 | AM56: =AL56*$B$121 -> 2 | AN56: =$G56*AL56 -> 0 | AP56: =AO56*$B$122 -> 0 | AQ56: =$G56*AO56 -> 0 | AS56: =AR56*$B$123 -> 0 | AT56: =$G56*AR56 -> 0 | AV56: =AU56*$B$124 -> 0 | AW56: =$G56*AU56 -> 0 | AY56: =AX56*$B$125 -> 0 | AZ56: =$G56*AX56 -> 0 | BB56: =BA56*$B$126 -> 0 | BC56: =$G56*BA56 -> 0 | BE56: =BD56*$B$127 -> 0 | BF56: =$G56*BD56 -> 0 | BH56: =BG56*$B$128 -> 0 | BI56: =$G56*BG56 -> 0 | BK56: =BJ56*$B$129 -> 0 | BL56: =$G56*BJ56 -> 0 | BN56: =BM56*$B$130 -> 0 | BO56: =$G56*BM56 -> 0 | BQ56: =BP56*$B$131 -> 0 | BR56: =$G56*BP56 -> 0 | BT56: =BS56*$B$132 -> 0 | BU56: =$G56*BS56 -> 0 | BW56: =BV56*$B$133 -> 0 | BX56: =$G56*BV56 -> 0 | BZ56: =BY56*$B$134 -> 0 | CA56: =$G56*BY56 -> 0 | CC56: =CB56*$B$135 -> 0 | CD56: =$G56*CB56 -> 0 | CF56: =CE56*$B$136 -> 0 | CG56: =$G56*CE56 -> 0 | CI56: =CH56*$B$137 -> 0 | CJ56: =$G56*CH56 -> 0 | CL56: =CK56*$B$138 -> 0 | CM56: =$G56*CK56 -> 0 | CO56: =CN56*$B$139 -> 0 | CP56: =$G56*CN56 -> 0 | CR56: =CQ56*$B$140 -> 0 | CS56: =$G56*CQ56 -> 0 | CU56: =CT56*$B$141 -> 0 | CV56: =$G56*CT56 -> 0 | CX56: =CW56*$B$142 -> 0 | CY56: =$G56*CW56 -> 0 | DA56: =CZ56*$B$143 -> 0 | DB56: =$G56*CZ56 -> 0 | DD56: =DC56*$B$144 -> 0 | DE56: =$G56*DC56 -> 0 | DG56: =DF56*$B$145 -> 0 | DH56: =$G56*DF56 -> 0 | DJ56: =DI56*$B$146 -> 0 | DK56: =$G56*DI56 -> 0 | DM56: =DL56*$B$147 -> 0 | DN56: =$G56*DL56 -> 0 | DP56: =DO56*$B$148 -> 0 | DQ56: =$G56*DO56 -> 0 | DS56: =DR56*$B$149 -> 0 | DT56: =$G56*DR56 -> 0 | DV56: =DU56*$B$150 -> 0 | DW56: =$G56*DU56 -> 0 | DY56: =DX56*$B$151 -> 0 | DZ56: =$G56*DX56 -> 0 | EB56: =EA56*$B$152 -> 0 | EC56: =$G56*EA56 -> 0 | EE56: =ED56*$B$153 -> 0 | EF56: =$G56*ED56 -> 0 | EH56: =EG56*$B$154 -> 0 | EI56: =$G56*EG56 -> 0 | EK56: =EJ56*$B$155 -> 0 | EL56: =$G56*EJ56 -> 0 | EN56: =EM56*$B$156 -> 0 | EO56: =$G56*EM56 -> 0
A57: 52 | B57: Kick Plate | C57: Gallery | D57: (34") GSH 80A-B4E-400mm x width less 38mm | E57: 630 | F57: =SUM(I57,L57,O57,BN57,R57,U57,X57,AA57,BZ57,CC57,CF57,AD57,AG57,AJ57,AM57,AP57,AS57,AV57,AY57,BB57,BE57,BH57,BK57,BQ57,BT57,BW57,CI57,CL57,CO57,CR57,CU57,CX57,DA57,DD57,DG57,DJ57,DM57,DP57,DS57,DV57,DY57,EB57,EE57,EH57,EK57,EN57) -> 6 | I57: =H57*$B$111 -> 0 | J57: =$G57*H57 -> 0 | L57: =K57*$B$112 -> 0 | M57: =$G57*K57 -> 0 | O57: =N57*$B$113 -> 0 | P57: =$G57*N57 -> 0 | R57: =Q57*$B$114 -> 0 | S57: =$G57*Q57 -> 0 | U57: =T57*$B$115 -> 0 | V57: =$G57*T57 -> 0 | X57: =W57*$B$116 -> 0 | Y57: =$G57*W57 -> 0 | AA57: =Z57*$B$117 -> 0 | AB57: =$G57*Z57 -> 0 | AD57: =AC57*$B$118 -> 0 | AE57: =$G57*AC57 -> 0 | AG57: =AF57*$B$119 -> 0 | AH57: =$G57*AF57 -> 0 | AI57: 1 | AJ57: =AI57*$B$120 -> 3 | AK57: =$G57*AI57 -> 0 | AM57: =AL57*$B$121 -> 0 | AN57: =$G57*AL57 -> 0 | AO57: 1 | AP57: =AO57*$B$122 -> 1 | AQ57: =$G57*AO57 -> 0 | AS57: =AR57*$B$123 -> 0 | AT57: =$G57*AR57 -> 0 | AV57: =AU57*$B$124 -> 0 | AW57: =$G57*AU57 -> 0 | AY57: =AX57*$B$125 -> 0 | AZ57: =$G57*AX57 -> 0 | BB57: =BA57*$B$126 -> 0 | BC57: =$G57*BA57 -> 0 | BD57: 1 | BE57: =BD57*$B$127 -> 1 | BF57: =$G57*BD57 -> 0 | BH57: =BG57*$B$128 -> 0 | BI57: =$G57*BG57 -> 0 | BK57: =BJ57*$B$129 -> 0 | BL57: =$G57*BJ57 -> 0 | BM57: 1 | BN57: =BM57*$B$130 -> 1 | BO57: =$G57*BM57 -> 0 | BQ57: =BP57*$B$131 -> 0 | BR57: =$G57*BP57 -> 0 | BT57: =BS57*$B$132 -> 0 | BU57: =$G57*BS57 -> 0 | BW57: =BV57*$B$133 -> 0 | BX57: =$G57*BV57 -> 0 | BZ57: =BY57*$B$134 -> 0 | CA57: =$G57*BY57 -> 0 | CC57: =CB57*$B$135 -> 0 | CD57: =$G57*CB57 -> 0 | CF57: =CE57*$B$136 -> 0 | CG57: =$G57*CE57 -> 0 | CI57: =CH57*$B$137 -> 0 | CJ57: =$G57*CH57 -> 0 | CL57: =CK57*$B$138 -> 0 | CM57: =$G57*CK57 -> 0 | CO57: =CN57*$B$139 -> 0 | CP57: =$G57*CN57 -> 0 | CR57: =CQ57*$B$140 -> 0 | CS57: =$G57*CQ57 -> 0 | CU57: =CT57*$B$141 -> 0 | CV57: =$G57*CT57 -> 0 | CX57: =CW57*$B$142 -> 0 | CY57: =$G57*CW57 -> 0 | DA57: =CZ57*$B$143 -> 0 | DB57: =$G57*CZ57 -> 0 | DD57: =DC57*$B$144 -> 0 | DE57: =$G57*DC57 -> 0 | DG57: =DF57*$B$145 -> 0 | DH57: =$G57*DF57 -> 0 | DJ57: =DI57*$B$146 -> 0 | DK57: =$G57*DI57 -> 0 | DM57: =DL57*$B$147 -> 0 | DN57: =$G57*DL57 -> 0 | DP57: =DO57*$B$148 -> 0 | DQ57: =$G57*DO57 -> 0 | DS57: =DR57*$B$149 -> 0 | DT57: =$G57*DR57 -> 0 | DV57: =DU57*$B$150 -> 0 | DW57: =$G57*DU57 -> 0 | DY57: =DX57*$B$151 -> 0 | DZ57: =$G57*DX57 -> 0 | EB57: =EA57*$B$152 -> 0 | EC57: =$G57*EA57 -> 0 | EE57: =ED57*$B$153 -> 0 | EF57: =$G57*ED57 -> 0 | EH57: =EG57*$B$154 -> 0 | EI57: =$G57*EG57 -> 0 | EK57: =EJ57*$B$155 -> 0 | EL57: =$G57*EJ57 -> 0 | EN57: =EM57*$B$156 -> 0 | EO57: =$G57*EM57 -> 0
A58: 53 | B58: Gasket | C58: Pemko | D58: (18') S88BL x width x 2-height | F58: =SUM(I58,L58,O58,BN58,R58,U58,X58,AA58,BZ58,CC58,CF58,AD58,AG58,AJ58,AM58,AP58,AS58,AV58,AY58,BB58,BE58,BH58,BK58,BQ58,BT58,BW58,CI58,CL58,CO58,CR58,CU58,CX58,DA58,DD58,DG58,DJ58,DM58,DP58,DS58,DV58,DY58,EB58,EE58,EH58,EK58,EN58) -> 3 | I58: =H58*$B$111 -> 0 | J58: =$G58*H58 -> 0 | L58: =K58*$B$112 -> 0 | M58: =$G58*K58 -> 0 | O58: =N58*$B$113 -> 0 | P58: =$G58*N58 -> 0 | R58: =Q58*$B$114 -> 0 | S58: =$G58*Q58 -> 0 | U58: =T58*$B$115 -> 0 | V58: =$G58*T58 -> 0 | X58: =W58*$B$116 -> 0 | Y58: =$G58*W58 -> 0 | AA58: =Z58*$B$117 -> 0 | AB58: =$G58*Z58 -> 0 | AD58: =AC58*$B$118 -> 0 | AE58: =$G58*AC58 -> 0 | AG58: =AF58*$B$119 -> 0 | AH58: =$G58*AF58 -> 0 | AJ58: =AI58*$B$120 -> 0 | AK58: =$G58*AI58 -> 0 | AL58: 1 | AM58: =AL58*$B$121 -> 2 | AN58: =$G58*AL58 -> 0 | AP58: =AO58*$B$122 -> 0 | AQ58: =$G58*AO58 -> 0 | AR58: 1 | AS58: =AR58*$B$123 -> 1 | AT58: =$G58*AR58 -> 0 | AV58: =AU58*$B$124 -> 0 | AW58: =$G58*AU58 -> 0 | AY58: =AX58*$B$125 -> 0 | AZ58: =$G58*AX58 -> 0 | BB58: =BA58*$B$126 -> 0 | BC58: =$G58*BA58 -> 0 | BE58: =BD58*$B$127 -> 0 | BF58: =$G58*BD58 -> 0 | BH58: =BG58*$B$128 -> 0 | BI58: =$G58*BG58 -> 0 | BK58: =BJ58*$B$129 -> 0 | BL58: =$G58*BJ58 -> 0 | BN58: =BM58*$B$130 -> 0 | BO58: =$G58*BM58 -> 0 | BQ58: =BP58*$B$131 -> 0 | BR58: =$G58*BP58 -> 0 | BT58: =BS58*$B$132 -> 0 | BU58: =$G58*BS58 -> 0 | BW58: =BV58*$B$133 -> 0 | BX58: =$G58*BV58 -> 0 | BZ58: =BY58*$B$134 -> 0 | CA58: =$G58*BY58 -> 0 | CC58: =CB58*$B$135 -> 0 | CD58: =$G58*CB58 -> 0 | CF58: =CE58*$B$136 -> 0 | CG58: =$G58*CE58 -> 0 | CI58: =CH58*$B$137 -> 0 | CJ58: =$G58*CH58 -> 0 | CL58: =CK58*$B$138 -> 0 | CM58: =$G58*CK58 -> 0 | CO58: =CN58*$B$139 -> 0 | CP58: =$G58*CN58 -> 0 | CR58: =CQ58*$B$140 -> 0 | CS58: =$G58*CQ58 -> 0 | CU58: =CT58*$B$141 -> 0 | CV58: =$G58*CT58 -> 0 | CX58: =CW58*$B$142 -> 0 | CY58: =$G58*CW58 -> 0 | DA58: =CZ58*$B$143 -> 0 | DB58: =$G58*CZ58 -> 0 | DD58: =DC58*$B$144 -> 0 | DE58: =$G58*DC58 -> 0 | DG58: =DF58*$B$145 -> 0 | DH58: =$G58*DF58 -> 0 | DJ58: =DI58*$B$146 -> 0 | DK58: =$G58*DI58 -> 0 | DM58: =DL58*$B$147 -> 0 | DN58: =$G58*DL58 -> 0 | DP58: =DO58*$B$148 -> 0 | DQ58: =$G58*DO58 -> 0 | DS58: =DR58*$B$149 -> 0 | DT58: =$G58*DR58 -> 0 | DV58: =DU58*$B$150 -> 0 | DW58: =$G58*DU58 -> 0 | DY58: =DX58*$B$151 -> 0 | DZ58: =$G58*DX58 -> 0 | EB58: =EA58*$B$152 -> 0 | EC58: =$G58*EA58 -> 0 | EE58: =ED58*$B$153 -> 0 | EF58: =$G58*ED58 -> 0 | EH58: =EG58*$B$154 -> 0 | EI58: =$G58*EG58 -> 0 | EK58: =EJ58*$B$155 -> 0 | EL58: =$G58*EJ58 -> 0 | EN58: =EM58*$B$156 -> 0 | EO58: =$G58*EM58 -> 0
A59: 54 | B59: Closer | C59: Norton | D59: PS7500STH-TB | E59: 689 | F59: =SUM(I59,L59,O59,BN59,R59,U59,X59,AA59,BZ59,CC59,CF59,AD59,AG59,AJ59,AM59,AP59,AS59,AV59,AY59,BB59,BE59,BH59,BK59,BQ59,BT59,BW59,CI59,CL59,CO59,CR59,CU59,CX59,DA59,DD59,DG59,DJ59,DM59,DP59,DS59,DV59,DY59,EB59,EE59,EH59,EK59,EN59) -> 2 | I59: =H59*$B$111 -> 0 | J59: =$G59*H59 -> 0 | L59: =K59*$B$112 -> 0 | M59: =$G59*K59 -> 0 | O59: =N59*$B$113 -> 0 | P59: =$G59*N59 -> 0 | R59: =Q59*$B$114 -> 0 | S59: =$G59*Q59 -> 0 | U59: =T59*$B$115 -> 0 | V59: =$G59*T59 -> 0 | X59: =W59*$B$116 -> 0 | Y59: =$G59*W59 -> 0 | AA59: =Z59*$B$117 -> 0 | AB59: =$G59*Z59 -> 0 | AD59: =AC59*$B$118 -> 0 | AE59: =$G59*AC59 -> 0 | AG59: =AF59*$B$119 -> 0 | AH59: =$G59*AF59 -> 0 | AJ59: =AI59*$B$120 -> 0 | AK59: =$G59*AI59 -> 0 | AM59: =AL59*$B$121 -> 0 | AN59: =$G59*AL59 -> 0 | AO59: 1 | AP59: =AO59*$B$122 -> 1 | AQ59: =$G59*AO59 -> 0 | AR59: 1 | AS59: =AR59*$B$123 -> 1 | AT59: =$G59*AR59 -> 0 | AV59: =AU59*$B$124 -> 0 | AW59: =$G59*AU59 -> 0 | AY59: =AX59*$B$125 -> 0 | AZ59: =$G59*AX59 -> 0 | BB59: =BA59*$B$126 -> 0 | BC59: =$G59*BA59 -> 0 | BE59: =BD59*$B$127 -> 0 | BF59: =$G59*BD59 -> 0 | BH59: =BG59*$B$128 -> 0 | BI59: =$G59*BG59 -> 0 | BK59: =BJ59*$B$129 -> 0 | BL59: =$G59*BJ59 -> 0 | BN59: =BM59*$B$130 -> 0 | BO59: =$G59*BM59 -> 0 | BQ59: =BP59*$B$131 -> 0 | BR59: =$G59*BP59 -> 0 | BT59: =BS59*$B$132 -> 0 | BU59: =$G59*BS59 -> 0 | BW59: =BV59*$B$133 -> 0 | BX59: =$G59*BV59 -> 0 | BZ59: =BY59*$B$134 -> 0 | CA59: =$G59*BY59 -> 0 | CC59: =CB59*$B$135 -> 0 | CD59: =$G59*CB59 -> 0 | CF59: =CE59*$B$136 -> 0 | CG59: =$G59*CE59 -> 0 | CI59: =CH59*$B$137 -> 0 | CJ59: =$G59*CH59 -> 0 | CL59: =CK59*$B$138 -> 0 | CM59: =$G59*CK59 -> 0 | CO59: =CN59*$B$139 -> 0 | CP59: =$G59*CN59 -> 0 | CR59: =CQ59*$B$140 -> 0 | CS59: =$G59*CQ59 -> 0 | CU59: =CT59*$B$141 -> 0 | CV59: =$G59*CT59 -> 0 | CX59: =CW59*$B$142 -> 0 | CY59: =$G59*CW59 -> 0 | DA59: =CZ59*$B$143 -> 0 | DB59: =$G59*CZ59 -> 0 | DD59: =DC59*$B$144 -> 0 | DE59: =$G59*DC59 -> 0 | DG59: =DF59*$B$145 -> 0 | DH59: =$G59*DF59 -> 0 | DJ59: =DI59*$B$146 -> 0 | DK59: =$G59*DI59 -> 0 | DM59: =DL59*$B$147 -> 0 | DN59: =$G59*DL59 -> 0 | DP59: =DO59*$B$148 -> 0 | DQ59: =$G59*DO59 -> 0 | DS59: =DR59*$B$149 -> 0 | DT59: =$G59*DR59 -> 0 | DV59: =DU59*$B$150 -> 0 | DW59: =$G59*DU59 -> 0 | DY59: =DX59*$B$151 -> 0 | DZ59: =$G59*DX59 -> 0 | EB59: =EA59*$B$152 -> 0 | EC59: =$G59*EA59 -> 0 | EE59: =ED59*$B$153 -> 0 | EF59: =$G59*ED59 -> 0 | EH59: =EG59*$B$154 -> 0 | EI59: =$G59*EG59 -> 0 | EK59: =EJ59*$B$155 -> 0 | EL59: =$G59*EJ59 -> 0 | EN59: =EM59*$B$156 -> 0 | EO59: =$G59*EM59 -> 0
A60: 55 | B60: 11247 x width | C60: Rockwood | D60: Push/Pull | F60: =SUM(I60,L60,O60,BN60,R60,U60,X60,AA60,BZ60,CC60,CF60,AD60,AG60,AJ60,AM60,AP60,AS60,AV60,AY60,BB60,BE60,BH60,BK60,BQ60,BT60,BW60,CI60,CL60,CO60,CR60,CU60,CX60,DA60,DD60,DG60,DJ60,DM60,DP60,DS60,DV60,DY60,EB60,EE60,EH60,EK60,EN60) -> 2 | I60: =H60*$B$111 -> 0 | J60: =$G60*H60 -> 0 | L60: =K60*$B$112 -> 0 | M60: =$G60*K60 -> 0 | O60: =N60*$B$113 -> 0 | P60: =$G60*N60 -> 0 | R60: =Q60*$B$114 -> 0 | S60: =$G60*Q60 -> 0 | U60: =T60*$B$115 -> 0 | V60: =$G60*T60 -> 0 | X60: =W60*$B$116 -> 0 | Y60: =$G60*W60 -> 0 | AA60: =Z60*$B$117 -> 0 | AB60: =$G60*Z60 -> 0 | AD60: =AC60*$B$118 -> 0 | AE60: =$G60*AC60 -> 0 | AG60: =AF60*$B$119 -> 0 | AH60: =$G60*AF60 -> 0 | AJ60: =AI60*$B$120 -> 0 | AK60: =$G60*AI60 -> 0 | AM60: =AL60*$B$121 -> 0 | AN60: =$G60*AL60 -> 0 | AP60: =AO60*$B$122 -> 0 | AQ60: =$G60*AO60 -> 0 | AS60: =AR60*$B$123 -> 0 | AT60: =$G60*AR60 -> 0 | AV60: =AU60*$B$124 -> 0 | AW60: =$G60*AU60 -> 0 | AX60: 2 | AY60: =AX60*$B$125 -> 2 | AZ60: =$G60*AX60 -> 0 | BB60: =BA60*$B$126 -> 0 | BC60: =$G60*BA60 -> 0 | BE60: =BD60*$B$127 -> 0 | BF60: =$G60*BD60 -> 0 | BH60: =BG60*$B$128 -> 0 | BI60: =$G60*BG60 -> 0 | BK60: =BJ60*$B$129 -> 0 | BL60: =$G60*BJ60 -> 0 | BN60: =BM60*$B$130 -> 0 | BO60: =$G60*BM60 -> 0 | BQ60: =BP60*$B$131 -> 0 | BR60: =$G60*BP60 -> 0 | BT60: =BS60*$B$132 -> 0 | BU60: =$G60*BS60 -> 0 | BW60: =BV60*$B$133 -> 0 | BX60: =$G60*BV60 -> 0 | BZ60: =BY60*$B$134 -> 0 | CA60: =$G60*BY60 -> 0 | CC60: =CB60*$B$135 -> 0 | CD60: =$G60*CB60 -> 0 | CF60: =CE60*$B$136 -> 0 | CG60: =$G60*CE60 -> 0 | CI60: =CH60*$B$137 -> 0 | CJ60: =$G60*CH60 -> 0 | CL60: =CK60*$B$138 -> 0 | CM60: =$G60*CK60 -> 0 | CO60: =CN60*$B$139 -> 0 | CP60: =$G60*CN60 -> 0 | CR60: =CQ60*$B$140 -> 0 | CS60: =$G60*CQ60 -> 0 | CU60: =CT60*$B$141 -> 0 | CV60: =$G60*CT60 -> 0 | CX60: =CW60*$B$142 -> 0 | CY60: =$G60*CW60 -> 0 | DA60: =CZ60*$B$143 -> 0 | DB60: =$G60*CZ60 -> 0 | DD60: =DC60*$B$144 -> 0 | DE60: =$G60*DC60 -> 0 | DG60: =DF60*$B$145 -> 0 | DH60: =$G60*DF60 -> 0 | DJ60: =DI60*$B$146 -> 0 | DK60: =$G60*DI60 -> 0 | DM60: =DL60*$B$147 -> 0 | DN60: =$G60*DL60 -> 0 | DP60: =DO60*$B$148 -> 0 | DQ60: =$G60*DO60 -> 0 | DS60: =DR60*$B$149 -> 0 | DT60: =$G60*DR60 -> 0 | DV60: =DU60*$B$150 -> 0 | DW60: =$G60*DU60 -> 0 | DY60: =DX60*$B$151 -> 0 | DZ60: =$G60*DX60 -> 0 | EB60: =EA60*$B$152 -> 0 | EC60: =$G60*EA60 -> 0 | EE60: =ED60*$B$153 -> 0 | EF60: =$G60*ED60 -> 0 | EH60: =EG60*$B$154 -> 0 | EI60: =$G60*EG60 -> 0 | EK60: =EJ60*$B$155 -> 0 | EL60: =$G60*EJ60 -> 0 | EN60: =EM60*$B$156 -> 0 | EO60: =$G60*EM60 -> 0
A61: 56 | B61: Closer | C61: Norton | D61: PS-7500-ST-DA-TB | E61: 689 | F61: =SUM(I61,L61,O61,BN61,R61,U61,X61,AA61,BZ61,CC61,CF61,AD61,AG61,AJ61,AM61,AP61,AS61,AV61,AY61,BB61,BE61,BH61,BK61,BQ61,BT61,BW61,CI61,CL61,CO61,CR61,CU61,CX61,DA61,DD61,DG61,DJ61,DM61,DP61,DS61,DV61,DY61,EB61,EE61,EH61,EK61,EN61) -> 4 | I61: =H61*$B$111 -> 0 | J61: =$G61*H61 -> 0 | L61: =K61*$B$112 -> 0 | M61: =$G61*K61 -> 0 | O61: =N61*$B$113 -> 0 | P61: =$G61*N61 -> 0 | R61: =Q61*$B$114 -> 0 | S61: =$G61*Q61 -> 0 | U61: =T61*$B$115 -> 0 | V61: =$G61*T61 -> 0 | X61: =W61*$B$116 -> 0 | Y61: =$G61*W61 -> 0 | AA61: =Z61*$B$117 -> 0 | AB61: =$G61*Z61 -> 0 | AD61: =AC61*$B$118 -> 0 | AE61: =$G61*AC61 -> 0 | AG61: =AF61*$B$119 -> 0 | AH61: =$G61*AF61 -> 0 | AJ61: =AI61*$B$120 -> 0 | AK61: =$G61*AI61 -> 0 | AM61: =AL61*$B$121 -> 0 | AN61: =$G61*AL61 -> 0 | AP61: =AO61*$B$122 -> 0 | AQ61: =$G61*AO61 -> 0 | AS61: =AR61*$B$123 -> 0 | AT61: =$G61*AR61 -> 0 | AV61: =AU61*$B$124 -> 0 | AW61: =$G61*AU61 -> 0 | AX61: 2 | AY61: =AX61*$B$125 -> 2 | AZ61: =$G61*AX61 -> 0 | BB61: =BA61*$B$126 -> 0 | BC61: =$G61*BA61 -> 0 | BD61: 1 | BE61: =BD61*$B$127 -> 1 | BF61: =$G61*BD61 -> 0 | BG61: 1 | BH61: =BG61*$B$128 -> 1 | BI61: =$G61*BG61 -> 0 | BK61: =BJ61*$B$129 -> 0 | BL61: =$G61*BJ61 -> 0 | BN61: =BM61*$B$130 -> 0 | BO61: =$G61*BM61 -> 0 | BQ61: =BP61*$B$131 -> 0 | BR61: =$G61*BP61 -> 0 | BT61: =BS61*$B$132 -> 0 | BU61: =$G61*BS61 -> 0 | BW61: =BV61*$B$133 -> 0 | BX61: =$G61*BV61 -> 0 | BZ61: =BY61*$B$134 -> 0 | CA61: =$G61*BY61 -> 0 | CC61: =CB61*$B$135 -> 0 | CD61: =$G61*CB61 -> 0 | CF61: =CE61*$B$136 -> 0 | CG61: =$G61*CE61 -> 0 | CI61: =CH61*$B$137 -> 0 | CJ61: =$G61*CH61 -> 0 | CL61: =CK61*$B$138 -> 0 | CM61: =$G61*CK61 -> 0 | CO61: =CN61*$B$139 -> 0 | CP61: =$G61*CN61 -> 0 | CR61: =CQ61*$B$140 -> 0 | CS61: =$G61*CQ61 -> 0 | CU61: =CT61*$B$141 -> 0 | CV61: =$G61*CT61 -> 0 | CX61: =CW61*$B$142 -> 0 | CY61: =$G61*CW61 -> 0 | DA61: =CZ61*$B$143 -> 0 | DB61: =$G61*CZ61 -> 0 | DD61: =DC61*$B$144 -> 0 | DE61: =$G61*DC61 -> 0 | DG61: =DF61*$B$145 -> 0 | DH61: =$G61*DF61 -> 0 | DJ61: =DI61*$B$146 -> 0 | DK61: =$G61*DI61 -> 0 | DM61: =DL61*$B$147 -> 0 | DN61: =$G61*DL61 -> 0 | DP61: =DO61*$B$148 -> 0 | DQ61: =$G61*DO61 -> 0 | DS61: =DR61*$B$149 -> 0 | DT61: =$G61*DR61 -> 0 | DV61: =DU61*$B$150 -> 0 | DW61: =$G61*DU61 -> 0 | DY61: =DX61*$B$151 -> 0 | DZ61: =$G61*DX61 -> 0 | EB61: =EA61*$B$152 -> 0 | EC61: =$G61*EA61 -> 0 | EE61: =ED61*$B$153 -> 0 | EF61: =$G61*ED61 -> 0 | EH61: =EG61*$B$154 -> 0 | EI61: =$G61*EG61 -> 0 | EK61: =EJ61*$B$155 -> 0 | EL61: =$G61*EJ61 -> 0 | EN61: =EM61*$B$156 -> 0 | EO61: =$G61*EM61 -> 0
A62: 57 | B62: Gasket | C62: Pemko | D62: (19') S88BL x width x 2-height | F62: =SUM(I62,L62,O62,BN62,R62,U62,X62,AA62,BZ62,CC62,CF62,AD62,AG62,AJ62,AM62,AP62,AS62,AV62,AY62,BB62,BE62,BH62,BK62,BQ62,BT62,BW62,CI62,CL62,CO62,CR62,CU62,CX62,DA62,DD62,DG62,DJ62,DM62,DP62,DS62,DV62,DY62,EB62,EE62,EH62,EK62,EN62) -> 1 | I62: =H62*$B$111 -> 0 | J62: =$G62*H62 -> 0 | L62: =K62*$B$112 -> 0 | M62: =$G62*K62 -> 0 | O62: =N62*$B$113 -> 0 | P62: =$G62*N62 -> 0 | R62: =Q62*$B$114 -> 0 | S62: =$G62*Q62 -> 0 | U62: =T62*$B$115 -> 0 | V62: =$G62*T62 -> 0 | X62: =W62*$B$116 -> 0 | Y62: =$G62*W62 -> 0 | AA62: =Z62*$B$117 -> 0 | AB62: =$G62*Z62 -> 0 | AD62: =AC62*$B$118 -> 0 | AE62: =$G62*AC62 -> 0 | AG62: =AF62*$B$119 -> 0 | AH62: =$G62*AF62 -> 0 | AJ62: =AI62*$B$120 -> 0 | AK62: =$G62*AI62 -> 0 | AM62: =AL62*$B$121 -> 0 | AN62: =$G62*AL62 -> 0 | AP62: =AO62*$B$122 -> 0 | AQ62: =$G62*AO62 -> 0 | AS62: =AR62*$B$123 -> 0 | AT62: =$G62*AR62 -> 0 | AV62: =AU62*$B$124 -> 0 | AW62: =$G62*AU62 -> 0 | AX62: 1 | AY62: =AX62*$B$125 -> 1 | AZ62: =$G62*AX62 -> 0 | BB62: =BA62*$B$126 -> 0 | BC62: =$G62*BA62 -> 0 | BE62: =BD62*$B$127 -> 0 | BF62: =$G62*BD62 -> 0 | BH62: =BG62*$B$128 -> 0 | BI62: =$G62*BG62 -> 0 | BK62: =BJ62*$B$129 -> 0 | BL62: =$G62*BJ62 -> 0 | BN62: =BM62*$B$130 -> 0 | BO62: =$G62*BM62 -> 0 | BQ62: =BP62*$B$131 -> 0 | BR62: =$G62*BP62 -> 0 | BT62: =BS62*$B$132 -> 0 | BU62: =$G62*BS62 -> 0 | BW62: =BV62*$B$133 -> 0 | BX62: =$G62*BV62 -> 0 | BZ62: =BY62*$B$134 -> 0 | CA62: =$G62*BY62 -> 0 | CC62: =CB62*$B$135 -> 0 | CD62: =$G62*CB62 -> 0 | CF62: =CE62*$B$136 -> 0 | CG62: =$G62*CE62 -> 0 | CI62: =CH62*$B$137 -> 0 | CJ62: =$G62*CH62 -> 0 | CL62: =CK62*$B$138 -> 0 | CM62: =$G62*CK62 -> 0 | CO62: =CN62*$B$139 -> 0 | CP62: =$G62*CN62 -> 0 | CR62: =CQ62*$B$140 -> 0 | CS62: =$G62*CQ62 -> 0 | CU62: =CT62*$B$141 -> 0 | CV62: =$G62*CT62 -> 0 | CX62: =CW62*$B$142 -> 0 | CY62: =$G62*CW62 -> 0 | DA62: =CZ62*$B$143 -> 0 | DB62: =$G62*CZ62 -> 0 | DD62: =DC62*$B$144 -> 0 | DE62: =$G62*DC62 -> 0 | DG62: =DF62*$B$145 -> 0 | DH62: =$G62*DF62 -> 0 | DJ62: =DI62*$B$146 -> 0 | DK62: =$G62*DI62 -> 0 | DM62: =DL62*$B$147 -> 0 | DN62: =$G62*DL62 -> 0 | DP62: =DO62*$B$148 -> 0 | DQ62: =$G62*DO62 -> 0 | DS62: =DR62*$B$149 -> 0 | DT62: =$G62*DR62 -> 0 | DV62: =DU62*$B$150 -> 0 | DW62: =$G62*DU62 -> 0 | DY62: =DX62*$B$151 -> 0 | DZ62: =$G62*DX62 -> 0 | EB62: =EA62*$B$152 -> 0 | EC62: =$G62*EA62 -> 0 | EE62: =ED62*$B$153 -> 0 | EF62: =$G62*ED62 -> 0 | EH62: =EG62*$B$154 -> 0 | EI62: =$G62*EG62 -> 0 | EK62: =EJ62*$B$155 -> 0 | EL62: =$G62*EJ62 -> 0 | EN62: =EM62*$B$156 -> 0 | EO62: =$G62*EM62 -> 0
A63: 58 | B63: Mtg. Stile | C63: Pemko | D63: 351CV x length | E63: 630 | F63: =SUM(I63,L63,O63,BN63,R63,U63,X63,AA63,BZ63,CC63,CF63,AD63,AG63,AJ63,AM63,AP63,AS63,AV63,AY63,BB63,BE63,BH63,BK63,BQ63,BT63,BW63,CI63,CL63,CO63,CR63,CU63,CX63,DA63,DD63,DG63,DJ63,DM63,DP63,DS63,DV63,DY63,EB63,EE63,EH63,EK63,EN63) -> 1 | I63: =H63*$B$111 -> 0 | J63: =$G63*H63 -> 0 | L63: =K63*$B$112 -> 0 | M63: =$G63*K63 -> 0 | O63: =N63*$B$113 -> 0 | P63: =$G63*N63 -> 0 | R63: =Q63*$B$114 -> 0 | S63: =$G63*Q63 -> 0 | U63: =T63*$B$115 -> 0 | V63: =$G63*T63 -> 0 | X63: =W63*$B$116 -> 0 | Y63: =$G63*W63 -> 0 | AA63: =Z63*$B$117 -> 0 | AB63: =$G63*Z63 -> 0 | AD63: =AC63*$B$118 -> 0 | AE63: =$G63*AC63 -> 0 | AG63: =AF63*$B$119 -> 0 | AH63: =$G63*AF63 -> 0 | AJ63: =AI63*$B$120 -> 0 | AK63: =$G63*AI63 -> 0 | AM63: =AL63*$B$121 -> 0 | AN63: =$G63*AL63 -> 0 | AP63: =AO63*$B$122 -> 0 | AQ63: =$G63*AO63 -> 0 | AS63: =AR63*$B$123 -> 0 | AT63: =$G63*AR63 -> 0 | AV63: =AU63*$B$124 -> 0 | AW63: =$G63*AU63 -> 0 | AX63: 1 | AY63: =AX63*$B$125 -> 1 | AZ63: =$G63*AX63 -> 0 | BB63: =BA63*$B$126 -> 0 | BC63: =$G63*BA63 -> 0 | BE63: =BD63*$B$127 -> 0 | BF63: =$G63*BD63 -> 0 | BH63: =BG63*$B$128 -> 0 | BI63: =$G63*BG63 -> 0 | BK63: =BJ63*$B$129 -> 0 | BL63: =$G63*BJ63 -> 0 | BN63: =BM63*$B$130 -> 0 | BO63: =$G63*BM63 -> 0 | BQ63: =BP63*$B$131 -> 0 | BR63: =$G63*BP63 -> 0 | BT63: =BS63*$B$132 -> 0 | BU63: =$G63*BS63 -> 0 | BW63: =BV63*$B$133 -> 0 | BX63: =$G63*BV63 -> 0 | BZ63: =BY63*$B$134 -> 0 | CA63: =$G63*BY63 -> 0 | CC63: =CB63*$B$135 -> 0 | CD63: =$G63*CB63 -> 0 | CF63: =CE63*$B$136 -> 0 | CG63: =$G63*CE63 -> 0 | CI63: =CH63*$B$137 -> 0 | CJ63: =$G63*CH63 -> 0 | CL63: =CK63*$B$138 -> 0 | CM63: =$G63*CK63 -> 0 | CO63: =CN63*$B$139 -> 0 | CP63: =$G63*CN63 -> 0 | CR63: =CQ63*$B$140 -> 0 | CS63: =$G63*CQ63 -> 0 | CU63: =CT63*$B$141 -> 0 | CV63: =$G63*CT63 -> 0 | CX63: =CW63*$B$142 -> 0 | CY63: =$G63*CW63 -> 0 | DA63: =CZ63*$B$143 -> 0 | DB63: =$G63*CZ63 -> 0 | DD63: =DC63*$B$144 -> 0 | DE63: =$G63*DC63 -> 0 | DG63: =DF63*$B$145 -> 0 | DH63: =$G63*DF63 -> 0 | DJ63: =DI63*$B$146 -> 0 | DK63: =$G63*DI63 -> 0 | DM63: =DL63*$B$147 -> 0 | DN63: =$G63*DL63 -> 0 | DP63: =DO63*$B$148 -> 0 | DQ63: =$G63*DO63 -> 0 | DS63: =DR63*$B$149 -> 0 | DT63: =$G63*DR63 -> 0 | DV63: =DU63*$B$150 -> 0 | DW63: =$G63*DU63 -> 0 | DY63: =DX63*$B$151 -> 0 | DZ63: =$G63*DX63 -> 0 | EB63: =EA63*$B$152 -> 0 | EC63: =$G63*EA63 -> 0 | EE63: =ED63*$B$153 -> 0 | EF63: =$G63*ED63 -> 0 | EH63: =EG63*$B$154 -> 0 | EI63: =$G63*EG63 -> 0 | EK63: =EJ63*$B$155 -> 0 | EL63: =$G63*EJ63 -> 0 | EN63: =EM63*$B$156 -> 0 | EO63: =$G63*EM63 -> 0
A64: 59 | B64: Door Bottom | C64: Pemko | D64: (42") 420SL x width | E64: 628 | F64: =SUM(I64,L64,O64,BN64,R64,U64,X64,AA64,BZ64,CC64,CF64,AD64,AG64,AJ64,AM64,AP64,AS64,AV64,AY64,BB64,BE64,BH64,BK64,BQ64,BT64,BW64,CI64,CL64,CO64,CR64,CU64,CX64,DA64,DD64,DG64,DJ64,DM64,DP64,DS64,DV64,DY64,EB64,EE64,EH64,EK64,EN64) -> 1 | I64: =H64*$B$111 -> 0 | J64: =$G64*H64 -> 0 | L64: =K64*$B$112 -> 0 | M64: =$G64*K64 -> 0 | O64: =N64*$B$113 -> 0 | P64: =$G64*N64 -> 0 | R64: =Q64*$B$114 -> 0 | S64: =$G64*Q64 -> 0 | U64: =T64*$B$115 -> 0 | V64: =$G64*T64 -> 0 | X64: =W64*$B$116 -> 0 | Y64: =$G64*W64 -> 0 | AA64: =Z64*$B$117 -> 0 | AB64: =$G64*Z64 -> 0 | AD64: =AC64*$B$118 -> 0 | AE64: =$G64*AC64 -> 0 | AG64: =AF64*$B$119 -> 0 | AH64: =$G64*AF64 -> 0 | AJ64: =AI64*$B$120 -> 0 | AK64: =$G64*AI64 -> 0 | AM64: =AL64*$B$121 -> 0 | AN64: =$G64*AL64 -> 0 | AP64: =AO64*$B$122 -> 0 | AQ64: =$G64*AO64 -> 0 | AS64: =AR64*$B$123 -> 0 | AT64: =$G64*AR64 -> 0 | AV64: =AU64*$B$124 -> 0 | AW64: =$G64*AU64 -> 0 | AX64: 1 | AY64: =AX64*$B$125 -> 1 | AZ64: =$G64*AX64 -> 0 | BB64: =BA64*$B$126 -> 0 | BC64: =$G64*BA64 -> 0 | BE64: =BD64*$B$127 -> 0 | BF64: =$G64*BD64 -> 0 | BH64: =BG64*$B$128 -> 0 | BI64: =$G64*BG64 -> 0 | BK64: =BJ64*$B$129 -> 0 | BL64: =$G64*BJ64 -> 0 | BN64: =BM64*$B$130 -> 0 | BO64: =$G64*BM64 -> 0 | BQ64: =BP64*$B$131 -> 0 | BR64: =$G64*BP64 -> 0 | BT64: =BS64*$B$132 -> 0 | BU64: =$G64*BS64 -> 0 | BW64: =BV64*$B$133 -> 0 | BX64: =$G64*BV64 -> 0 | BZ64: =BY64*$B$134 -> 0 | CA64: =$G64*BY64 -> 0 | CC64: =CB64*$B$135 -> 0 | CD64: =$G64*CB64 -> 0 | CF64: =CE64*$B$136 -> 0 | CG64: =$G64*CE64 -> 0 | CI64: =CH64*$B$137 -> 0 | CJ64: =$G64*CH64 -> 0 | CL64: =CK64*$B$138 -> 0 | CM64: =$G64*CK64 -> 0 | CO64: =CN64*$B$139 -> 0 | CP64: =$G64*CN64 -> 0 | CR64: =CQ64*$B$140 -> 0 | CS64: =$G64*CQ64 -> 0 | CU64: =CT64*$B$141 -> 0 | CV64: =$G64*CT64 -> 0 | CX64: =CW64*$B$142 -> 0 | CY64: =$G64*CW64 -> 0 | DA64: =CZ64*$B$143 -> 0 | DB64: =$G64*CZ64 -> 0 | DD64: =DC64*$B$144 -> 0 | DE64: =$G64*DC64 -> 0 | DG64: =DF64*$B$145 -> 0 | DH64: =$G64*DF64 -> 0 | DJ64: =DI64*$B$146 -> 0 | DK64: =$G64*DI64 -> 0 | DM64: =DL64*$B$147 -> 0 | DN64: =$G64*DL64 -> 0 | DP64: =DO64*$B$148 -> 0 | DQ64: =$G64*DO64 -> 0 | DS64: =DR64*$B$149 -> 0 | DT64: =$G64*DR64 -> 0 | DV64: =DU64*$B$150 -> 0 | DW64: =$G64*DU64 -> 0 | DY64: =DX64*$B$151 -> 0 | DZ64: =$G64*DX64 -> 0 | EB64: =EA64*$B$152 -> 0 | EC64: =$G64*EA64 -> 0 | EE64: =ED64*$B$153 -> 0 | EF64: =$G64*ED64 -> 0 | EH64: =EG64*$B$154 -> 0 | EI64: =$G64*EG64 -> 0 | EK64: =EJ64*$B$155 -> 0 | EL64: =$G64*EJ64 -> 0 | EN64: =EM64*$B$156 -> 0 | EO64: =$G64*EM64 -> 0
A65: 60 | B65: Door Bottom | C65: Pemko | D65: (16") 420SL x width | E65: 628 | F65: =SUM(I65,L65,O65,BN65,R65,U65,X65,AA65,BZ65,CC65,CF65,AD65,AG65,AJ65,AM65,AP65,AS65,AV65,AY65,BB65,BE65,BH65,BK65,BQ65,BT65,BW65,CI65,CL65,CO65,CR65,CU65,CX65,DA65,DD65,DG65,DJ65,DM65,DP65,DS65,DV65,DY65,EB65,EE65,EH65,EK65,EN65) -> 1 | I65: =H65*$B$111 -> 0 | J65: =$G65*H65 -> 0 | L65: =K65*$B$112 -> 0 | M65: =$G65*K65 -> 0 | O65: =N65*$B$113 -> 0 | P65: =$G65*N65 -> 0 | R65: =Q65*$B$114 -> 0 | S65: =$G65*Q65 -> 0 | U65: =T65*$B$115 -> 0 | V65: =$G65*T65 -> 0 | X65: =W65*$B$116 -> 0 | Y65: =$G65*W65 -> 0 | AA65: =Z65*$B$117 -> 0 | AB65: =$G65*Z65 -> 0 | AD65: =AC65*$B$118 -> 0 | AE65: =$G65*AC65 -> 0 | AG65: =AF65*$B$119 -> 0 | AH65: =$G65*AF65 -> 0 | AJ65: =AI65*$B$120 -> 0 | AK65: =$G65*AI65 -> 0 | AM65: =AL65*$B$121 -> 0 | AN65: =$G65*AL65 -> 0 | AP65: =AO65*$B$122 -> 0 | AQ65: =$G65*AO65 -> 0 | AS65: =AR65*$B$123 -> 0 | AT65: =$G65*AR65 -> 0 | AV65: =AU65*$B$124 -> 0 | AW65: =$G65*AU65 -> 0 | AX65: 1 | AY65: =AX65*$B$125 -> 1 | AZ65: =$G65*AX65 -> 0 | BB65: =BA65*$B$126 -> 0 | BC65: =$G65*BA65 -> 0 | BE65: =BD65*$B$127 -> 0 | BF65: =$G65*BD65 -> 0 | BH65: =BG65*$B$128 -> 0 | BI65: =$G65*BG65 -> 0 | BK65: =BJ65*$B$129 -> 0 | BL65: =$G65*BJ65 -> 0 | BN65: =BM65*$B$130 -> 0 | BO65: =$G65*BM65 -> 0 | BQ65: =BP65*$B$131 -> 0 | BR65: =$G65*BP65 -> 0 | BT65: =BS65*$B$132 -> 0 | BU65: =$G65*BS65 -> 0 | BW65: =BV65*$B$133 -> 0 | BX65: =$G65*BV65 -> 0 | BZ65: =BY65*$B$134 -> 0 | CA65: =$G65*BY65 -> 0 | CC65: =CB65*$B$135 -> 0 | CD65: =$G65*CB65 -> 0 | CF65: =CE65*$B$136 -> 0 | CG65: =$G65*CE65 -> 0 | CI65: =CH65*$B$137 -> 0 | CJ65: =$G65*CH65 -> 0 | CL65: =CK65*$B$138 -> 0 | CM65: =$G65*CK65 -> 0 | CO65: =CN65*$B$139 -> 0 | CP65: =$G65*CN65 -> 0 | CR65: =CQ65*$B$140 -> 0 | CS65: =$G65*CQ65 -> 0 | CU65: =CT65*$B$141 -> 0 | CV65: =$G65*CT65 -> 0 | CX65: =CW65*$B$142 -> 0 | CY65: =$G65*CW65 -> 0 | DA65: =CZ65*$B$143 -> 0 | DB65: =$G65*CZ65 -> 0 | DD65: =DC65*$B$144 -> 0 | DE65: =$G65*DC65 -> 0 | DG65: =DF65*$B$145 -> 0 | DH65: =$G65*DF65 -> 0 | DJ65: =DI65*$B$146 -> 0 | DK65: =$G65*DI65 -> 0 | DM65: =DL65*$B$147 -> 0 | DN65: =$G65*DL65 -> 0 | DP65: =DO65*$B$148 -> 0 | DQ65: =$G65*DO65 -> 0 | DS65: =DR65*$B$149 -> 0 | DT65: =$G65*DR65 -> 0 | DV65: =DU65*$B$150 -> 0 | DW65: =$G65*DU65 -> 0 | DY65: =DX65*$B$151 -> 0 | DZ65: =$G65*DX65 -> 0 | EB65: =EA65*$B$152 -> 0 | EC65: =$G65*EA65 -> 0 | EE65: =ED65*$B$153 -> 0 | EF65: =$G65*ED65 -> 0 | EH65: =EG65*$B$154 -> 0 | EI65: =$G65*EG65 -> 0 | EK65: =EJ65*$B$155 -> 0 | EL65: =$G65*EJ65 -> 0 | EN65: =EM65*$B$156 -> 0 | EO65: =$G65*EM65 -> 0
A66: 61 | B66: Stop | C66: Pemko | D66: ERS-84C-HT-hand-Torx | F66: =SUM(I66,L66,O66,BN66,R66,U66,X66,AA66,BZ66,CC66,CF66,AD66,AG66,AJ66,AM66,AP66,AS66,AV66,AY66,BB66,BE66,BH66,BK66,BQ66,BT66,BW66,CI66,CL66,CO66,CR66,CU66,CX66,DA66,DD66,DG66,DJ66,DM66,DP66,DS66,DV66,DY66,EB66,EE66,EH66,EK66,EN66) -> 8 | I66: =H66*$B$111 -> 0 | J66: =$G66*H66 -> 0 | L66: =K66*$B$112 -> 0 | M66: =$G66*K66 -> 0 | O66: =N66*$B$113 -> 0 | P66: =$G66*N66 -> 0 | R66: =Q66*$B$114 -> 0 | S66: =$G66*Q66 -> 0 | U66: =T66*$B$115 -> 0 | V66: =$G66*T66 -> 0 | X66: =W66*$B$116 -> 0 | Y66: =$G66*W66 -> 0 | AA66: =Z66*$B$117 -> 0 | AB66: =$G66*Z66 -> 0 | AD66: =AC66*$B$118 -> 0 | AE66: =$G66*AC66 -> 0 | AG66: =AF66*$B$119 -> 0 | AH66: =$G66*AF66 -> 0 | AJ66: =AI66*$B$120 -> 0 | AK66: =$G66*AI66 -> 0 | AM66: =AL66*$B$121 -> 0 | AN66: =$G66*AL66 -> 0 | AP66: =AO66*$B$122 -> 0 | AQ66: =$G66*AO66 -> 0 | AS66: =AR66*$B$123 -> 0 | AT66: =$G66*AR66 -> 0 | AV66: =AU66*$B$124 -> 0 | AW66: =$G66*AU66 -> 0 | AY66: =AX66*$B$125 -> 0 | AZ66: =$G66*AX66 -> 0 | BA66: 1 | BB66: =BA66*$B$126 -> 2 | BC66: =$G66*BA66 -> 0 | BE66: =BD66*$B$127 -> 0 | BF66: =$G66*BD66 -> 0 | BH66: =BG66*$B$128 -> 0 | BI66: =$G66*BG66 -> 0 | BK66: =BJ66*$B$129 -> 0 | BL66: =$G66*BJ66 -> 0 | BN66: =BM66*$B$130 -> 0 | BO66: =$G66*BM66 -> 0 | BQ66: =BP66*$B$131 -> 0 | BR66: =$G66*BP66 -> 0 | BS66: 1 | BT66: =BS66*$B$132 -> 1 | BU66: =$G66*BS66 -> 0 | BV66: 1 | BW66: =BV66*$B$133 -> 2 | BX66: =$G66*BV66 -> 0 | BY66: 1 | BZ66: =BY66*$B$134 -> 3 | CA66: =$G66*BY66 -> 0 | CC66: =CB66*$B$135 -> 0 | CD66: =$G66*CB66 -> 0 | CF66: =CE66*$B$136 -> 0 | CG66: =$G66*CE66 -> 0 | CI66: =CH66*$B$137 -> 0 | CJ66: =$G66*CH66 -> 0 | CL66: =CK66*$B$138 -> 0 | CM66: =$G66*CK66 -> 0 | CO66: =CN66*$B$139 -> 0 | CP66: =$G66*CN66 -> 0 | CR66: =CQ66*$B$140 -> 0 | CS66: =$G66*CQ66 -> 0 | CU66: =CT66*$B$141 -> 0 | CV66: =$G66*CT66 -> 0 | CX66: =CW66*$B$142 -> 0 | CY66: =$G66*CW66 -> 0 | DA66: =CZ66*$B$143 -> 0 | DB66: =$G66*CZ66 -> 0 | DD66: =DC66*$B$144 -> 0 | DE66: =$G66*DC66 -> 0 | DG66: =DF66*$B$145 -> 0 | DH66: =$G66*DF66 -> 0 | DJ66: =DI66*$B$146 -> 0 | DK66: =$G66*DI66 -> 0 | DM66: =DL66*$B$147 -> 0 | DN66: =$G66*DL66 -> 0 | DP66: =DO66*$B$148 -> 0 | DQ66: =$G66*DO66 -> 0 | DS66: =DR66*$B$149 -> 0 | DT66: =$G66*DR66 -> 0 | DV66: =DU66*$B$150 -> 0 | DW66: =$G66*DU66 -> 0 | DY66: =DX66*$B$151 -> 0 | DZ66: =$G66*DX66 -> 0 | EB66: =EA66*$B$152 -> 0 | EC66: =$G66*EA66 -> 0 | EE66: =ED66*$B$153 -> 0 | EF66: =$G66*ED66 -> 0 | EH66: =EG66*$B$154 -> 0 | EI66: =$G66*EG66 -> 0 | EK66: =EJ66*$B$155 -> 0 | EL66: =$G66*EJ66 -> 0 | EN66: =EM66*$B$156 -> 0 | EO66: =$G66*EM66 -> 0
A67: 62 | B67: W/F Stop | C67: Gallery | D67: GSH 200B/218B/231/233 | E67: 630 | F67: =SUM(I67,L67,O67,BN67,R67,U67,X67,AA67,BZ67,CC67,CF67,AD67,AG67,AJ67,AM67,AP67,AS67,AV67,AY67,BB67,BE67,BH67,BK67,BQ67,BT67,BW67,CI67,CL67,CO67,CR67,CU67,CX67,DA67,DD67,DG67,DJ67,DM67,DP67,DS67,DV67,DY67,EB67,EE67,EH67,EK67,EN67) -> 8 | I67: =H67*$B$111 -> 0 | J67: =$G67*H67 -> 0 | L67: =K67*$B$112 -> 0 | M67: =$G67*K67 -> 0 | O67: =N67*$B$113 -> 0 | P67: =$G67*N67 -> 0 | R67: =Q67*$B$114 -> 0 | S67: =$G67*Q67 -> 0 | U67: =T67*$B$115 -> 0 | V67: =$G67*T67 -> 0 | X67: =W67*$B$116 -> 0 | Y67: =$G67*W67 -> 0 | AA67: =Z67*$B$117 -> 0 | AB67: =$G67*Z67 -> 0 | AD67: =AC67*$B$118 -> 0 | AE67: =$G67*AC67 -> 0 | AG67: =AF67*$B$119 -> 0 | AH67: =$G67*AF67 -> 0 | AJ67: =AI67*$B$120 -> 0 | AK67: =$G67*AI67 -> 0 | AM67: =AL67*$B$121 -> 0 | AN67: =$G67*AL67 -> 0 | AP67: =AO67*$B$122 -> 0 | AQ67: =$G67*AO67 -> 0 | AS67: =AR67*$B$123 -> 0 | AT67: =$G67*AR67 -> 0 | AV67: =AU67*$B$124 -> 0 | AW67: =$G67*AU67 -> 0 | AY67: =AX67*$B$125 -> 0 | AZ67: =$G67*AX67 -> 0 | BA67: 1 | BB67: =BA67*$B$126 -> 2 | BC67: =$G67*BA67 -> 0 | BE67: =BD67*$B$127 -> 0 | BF67: =$G67*BD67 -> 0 | BH67: =BG67*$B$128 -> 0 | BI67: =$G67*BG67 -> 0 | BK67: =BJ67*$B$129 -> 0 | BL67: =$G67*BJ67 -> 0 | BN67: =BM67*$B$130 -> 0 | BO67: =$G67*BM67 -> 0 | BQ67: =BP67*$B$131 -> 0 | BR67: =$G67*BP67 -> 0 | BS67: 1 | BT67: =BS67*$B$132 -> 1 | BU67: =$G67*BS67 -> 0 | BV67: 1 | BW67: =BV67*$B$133 -> 2 | BX67: =$G67*BV67 -> 0 | BY67: 1 | BZ67: =BY67*$B$134 -> 3 | CA67: =$G67*BY67 -> 0 | CC67: =CB67*$B$135 -> 0 | CD67: =$G67*CB67 -> 0 | CF67: =CE67*$B$136 -> 0 | CG67: =$G67*CE67 -> 0 | CI67: =CH67*$B$137 -> 0 | CJ67: =$G67*CH67 -> 0 | CL67: =CK67*$B$138 -> 0 | CM67: =$G67*CK67 -> 0 | CO67: =CN67*$B$139 -> 0 | CP67: =$G67*CN67 -> 0 | CR67: =CQ67*$B$140 -> 0 | CS67: =$G67*CQ67 -> 0 | CU67: =CT67*$B$141 -> 0 | CV67: =$G67*CT67 -> 0 | CX67: =CW67*$B$142 -> 0 | CY67: =$G67*CW67 -> 0 | DA67: =CZ67*$B$143 -> 0 | DB67: =$G67*CZ67 -> 0 | DD67: =DC67*$B$144 -> 0 | DE67: =$G67*DC67 -> 0 | DG67: =DF67*$B$145 -> 0 | DH67: =$G67*DF67 -> 0 | DJ67: =DI67*$B$146 -> 0 | DK67: =$G67*DI67 -> 0 | DM67: =DL67*$B$147 -> 0 | DN67: =$G67*DL67 -> 0 | DP67: =DO67*$B$148 -> 0 | DQ67: =$G67*DO67 -> 0 | DS67: =DR67*$B$149 -> 0 | DT67: =$G67*DR67 -> 0 | DV67: =DU67*$B$150 -> 0 | DW67: =$G67*DU67 -> 0 | DY67: =DX67*$B$151 -> 0 | DZ67: =$G67*DX67 -> 0 | EB67: =EA67*$B$152 -> 0 | EC67: =$G67*EA67 -> 0 | EE67: =ED67*$B$153 -> 0 | EF67: =$G67*ED67 -> 0 | EH67: =EG67*$B$154 -> 0 | EI67: =$G67*EG67 -> 0 | EK67: =EJ67*$B$155 -> 0 | EL67: =$G67*EJ67 -> 0 | EN67: =EM67*$B$156 -> 0 | EO67: =$G67*EM67 -> 0
A68: 63 | B68: Hinges | C68: McKinney | D68: T4A3786 4 1/2" x 4 1/2" | E68: 652 | F68: =SUM(I68,L68,O68,BN68,R68,U68,X68,AA68,BZ68,CC68,CF68,AD68,AG68,AJ68,AM68,AP68,AS68,AV68,AY68,BB68,BE68,BH68,BK68,BQ68,BT68,BW68,CI68,CL68,CO68,CR68,CU68,CX68,DA68,DD68,DG68,DJ68,DM68,DP68,DS68,DV68,DY68,EB68,EE68,EH68,EK68,EN68) -> 6 | I68: =H68*$B$111 -> 0 | J68: =$G68*H68 -> 0 | L68: =K68*$B$112 -> 0 | M68: =$G68*K68 -> 0 | O68: =N68*$B$113 -> 0 | P68: =$G68*N68 -> 0 | R68: =Q68*$B$114 -> 0 | S68: =$G68*Q68 -> 0 | U68: =T68*$B$115 -> 0 | V68: =$G68*T68 -> 0 | X68: =W68*$B$116 -> 0 | Y68: =$G68*W68 -> 0 | AA68: =Z68*$B$117 -> 0 | AB68: =$G68*Z68 -> 0 | AD68: =AC68*$B$118 -> 0 | AE68: =$G68*AC68 -> 0 | AG68: =AF68*$B$119 -> 0 | AH68: =$G68*AF68 -> 0 | AJ68: =AI68*$B$120 -> 0 | AK68: =$G68*AI68 -> 0 | AM68: =AL68*$B$121 -> 0 | AN68: =$G68*AL68 -> 0 | AP68: =AO68*$B$122 -> 0 | AQ68: =$G68*AO68 -> 0 | AS68: =AR68*$B$123 -> 0 | AT68: =$G68*AR68 -> 0 | AV68: =AU68*$B$124 -> 0 | AW68: =$G68*AU68 -> 0 | AY68: =AX68*$B$125 -> 0 | AZ68: =$G68*AX68 -> 0 | BB68: =BA68*$B$126 -> 0 | BC68: =$G68*BA68 -> 0 | BD68: 3 | BE68: =BD68*$B$127 -> 3 | BF68: =$G68*BD68 -> 0 | BG68: 3 | BH68: =BG68*$B$128 -> 3 | BI68: =$G68*BG68 -> 0 | BK68: =BJ68*$B$129 -> 0 | BL68: =$G68*BJ68 -> 0 | BN68: =BM68*$B$130 -> 0 | BO68: =$G68*BM68 -> 0 | BQ68: =BP68*$B$131 -> 0 | BR68: =$G68*BP68 -> 0 | BT68: =BS68*$B$132 -> 0 | BU68: =$G68*BS68 -> 0 | BW68: =BV68*$B$133 -> 0 | BX68: =$G68*BV68 -> 0 | BZ68: =BY68*$B$134 -> 0 | CA68: =$G68*BY68 -> 0 | CC68: =CB68*$B$135 -> 0 | CD68: =$G68*CB68 -> 0 | CF68: =CE68*$B$136 -> 0 | CG68: =$G68*CE68 -> 0 | CI68: =CH68*$B$137 -> 0 | CJ68: =$G68*CH68 -> 0 | CL68: =CK68*$B$138 -> 0 | CM68: =$G68*CK68 -> 0 | CO68: =CN68*$B$139 -> 0 | CP68: =$G68*CN68 -> 0 | CR68: =CQ68*$B$140 -> 0 | CS68: =$G68*CQ68 -> 0 | CU68: =CT68*$B$141 -> 0 | CV68: =$G68*CT68 -> 0 | CX68: =CW68*$B$142 -> 0 | CY68: =$G68*CW68 -> 0 | DA68: =CZ68*$B$143 -> 0 | DB68: =$G68*CZ68 -> 0 | DD68: =DC68*$B$144 -> 0 | DE68: =$G68*DC68 -> 0 | DG68: =DF68*$B$145 -> 0 | DH68: =$G68*DF68 -> 0 | DJ68: =DI68*$B$146 -> 0 | DK68: =$G68*DI68 -> 0 | DM68: =DL68*$B$147 -> 0 | DN68: =$G68*DL68 -> 0 | DP68: =DO68*$B$148 -> 0 | DQ68: =$G68*DO68 -> 0 | DS68: =DR68*$B$149 -> 0 | DT68: =$G68*DR68 -> 0 | DV68: =DU68*$B$150 -> 0 | DW68: =$G68*DU68 -> 0 | DY68: =DX68*$B$151 -> 0 | DZ68: =$G68*DX68 -> 0 | EB68: =EA68*$B$152 -> 0 | EC68: =$G68*EA68 -> 0 | EE68: =ED68*$B$153 -> 0 | EF68: =$G68*ED68 -> 0 | EH68: =EG68*$B$154 -> 0 | EI68: =$G68*EG68 -> 0 | EK68: =EJ68*$B$155 -> 0 | EL68: =$G68*EJ68 -> 0 | EN68: =EM68*$B$156 -> 0 | EO68: =$G68*EM68 -> 0
A69: 64 | B69: Kick Plate | C69: Gallery | D69: (30") GSH 80A-B4E-400mm x width less 38mm | E69: 630 | F69: =SUM(I69,L69,O69,BN69,R69,U69,X69,AA69,BZ69,CC69,CF69,AD69,AG69,AJ69,AM69,AP69,AS69,AV69,AY69,BB69,BE69,BH69,BK69,BQ69,BT69,BW69,CI69,CL69,CO69,CR69,CU69,CX69,DA69,DD69,DG69,DJ69,DM69,DP69,DS69,DV69,DY69,EB69,EE69,EH69,EK69,EN69) -> 1 | I69: =H69*$B$111 -> 0 | J69: =$G69*H69 -> 0 | L69: =K69*$B$112 -> 0 | M69: =$G69*K69 -> 0 | O69: =N69*$B$113 -> 0 | P69: =$G69*N69 -> 0 | R69: =Q69*$B$114 -> 0 | S69: =$G69*Q69 -> 0 | U69: =T69*$B$115 -> 0 | V69: =$G69*T69 -> 0 | X69: =W69*$B$116 -> 0 | Y69: =$G69*W69 -> 0 | AA69: =Z69*$B$117 -> 0 | AB69: =$G69*Z69 -> 0 | AD69: =AC69*$B$118 -> 0 | AE69: =$G69*AC69 -> 0 | AG69: =AF69*$B$119 -> 0 | AH69: =$G69*AF69 -> 0 | AJ69: =AI69*$B$120 -> 0 | AK69: =$G69*AI69 -> 0 | AM69: =AL69*$B$121 -> 0 | AN69: =$G69*AL69 -> 0 | AP69: =AO69*$B$122 -> 0 | AQ69: =$G69*AO69 -> 0 | AS69: =AR69*$B$123 -> 0 | AT69: =$G69*AR69 -> 0 | AV69: =AU69*$B$124 -> 0 | AW69: =$G69*AU69 -> 0 | AY69: =AX69*$B$125 -> 0 | AZ69: =$G69*AX69 -> 0 | BB69: =BA69*$B$126 -> 0 | BC69: =$G69*BA69 -> 0 | BE69: =BD69*$B$127 -> 0 | BF69: =$G69*BD69 -> 0 | BG69: 1 | BH69: =BG69*$B$128 -> 1 | BI69: =$G69*BG69 -> 0 | BK69: =BJ69*$B$129 -> 0 | BL69: =$G69*BJ69 -> 0 | BN69: =BM69*$B$130 -> 0 | BO69: =$G69*BM69 -> 0 | BQ69: =BP69*$B$131 -> 0 | BR69: =$G69*BP69 -> 0 | BT69: =BS69*$B$132 -> 0 | BU69: =$G69*BS69 -> 0 | BW69: =BV69*$B$133 -> 0 | BX69: =$G69*BV69 -> 0 | BZ69: =BY69*$B$134 -> 0 | CA69: =$G69*BY69 -> 0 | CC69: =CB69*$B$135 -> 0 | CD69: =$G69*CB69 -> 0 | CF69: =CE69*$B$136 -> 0 | CG69: =$G69*CE69 -> 0 | CI69: =CH69*$B$137 -> 0 | CJ69: =$G69*CH69 -> 0 | CL69: =CK69*$B$138 -> 0 | CM69: =$G69*CK69 -> 0 | CO69: =CN69*$B$139 -> 0 | CP69: =$G69*CN69 -> 0 | CR69: =CQ69*$B$140 -> 0 | CS69: =$G69*CQ69 -> 0 | CU69: =CT69*$B$141 -> 0 | CV69: =$G69*CT69 -> 0 | CX69: =CW69*$B$142 -> 0 | CY69: =$G69*CW69 -> 0 | DA69: =CZ69*$B$143 -> 0 | DB69: =$G69*CZ69 -> 0 | DD69: =DC69*$B$144 -> 0 | DE69: =$G69*DC69 -> 0 | DG69: =DF69*$B$145 -> 0 | DH69: =$G69*DF69 -> 0 | DJ69: =DI69*$B$146 -> 0 | DK69: =$G69*DI69 -> 0 | DM69: =DL69*$B$147 -> 0 | DN69: =$G69*DL69 -> 0 | DP69: =DO69*$B$148 -> 0 | DQ69: =$G69*DO69 -> 0 | DS69: =DR69*$B$149 -> 0 | DT69: =$G69*DR69 -> 0 | DV69: =DU69*$B$150 -> 0 | DW69: =$G69*DU69 -> 0 | DY69: =DX69*$B$151 -> 0 | DZ69: =$G69*DX69 -> 0 | EB69: =EA69*$B$152 -> 0 | EC69: =$G69*EA69 -> 0 | EE69: =ED69*$B$153 -> 0 | EF69: =$G69*ED69 -> 0 | EH69: =EG69*$B$154 -> 0 | EI69: =$G69*EG69 -> 0 | EK69: =EJ69*$B$155 -> 0 | EL69: =$G69*EJ69 -> 0 | EN69: =EM69*$B$156 -> 0 | EO69: =$G69*EM69 -> 0
A70: 65 | B70: Lock Set | C70: Sargent | D70: 8237 x LNJ x hand | E70: 626 | F70: =SUM(I70,L70,O70,BN70,R70,U70,X70,AA70,BZ70,CC70,CF70,AD70,AG70,AJ70,AM70,AP70,AS70,AV70,AY70,BB70,BE70,BH70,BK70,BQ70,BT70,BW70,CI70,CL70,CO70,CR70,CU70,CX70,DA70,DD70,DG70,DJ70,DM70,DP70,DS70,DV70,DY70,EB70,EE70,EH70,EK70,EN70) -> 1 | I70: =H70*$B$111 -> 0 | J70: =$G70*H70 -> 0 | L70: =K70*$B$112 -> 0 | M70: =$G70*K70 -> 0 | O70: =N70*$B$113 -> 0 | P70: =$G70*N70 -> 0 | R70: =Q70*$B$114 -> 0 | S70: =$G70*Q70 -> 0 | U70: =T70*$B$115 -> 0 | V70: =$G70*T70 -> 0 | X70: =W70*$B$116 -> 0 | Y70: =$G70*W70 -> 0 | AA70: =Z70*$B$117 -> 0 | AB70: =$G70*Z70 -> 0 | AD70: =AC70*$B$118 -> 0 | AE70: =$G70*AC70 -> 0 | AG70: =AF70*$B$119 -> 0 | AH70: =$G70*AF70 -> 0 | AJ70: =AI70*$B$120 -> 0 | AK70: =$G70*AI70 -> 0 | AM70: =AL70*$B$121 -> 0 | AN70: =$G70*AL70 -> 0 | AP70: =AO70*$B$122 -> 0 | AQ70: =$G70*AO70 -> 0 | AS70: =AR70*$B$123 -> 0 | AT70: =$G70*AR70 -> 0 | AV70: =AU70*$B$124 -> 0 | AW70: =$G70*AU70 -> 0 | AY70: =AX70*$B$125 -> 0 | AZ70: =$G70*AX70 -> 0 | BB70: =BA70*$B$126 -> 0 | BC70: =$G70*BA70 -> 0 | BE70: =BD70*$B$127 -> 0 | BF70: =$G70*BD70 -> 0 | BH70: =BG70*$B$128 -> 0 | BI70: =$G70*BG70 -> 0 | BJ70: 1 | BK70: =BJ70*$B$129 -> 1 | BL70: =$G70*BJ70 -> 0 | BN70: =BM70*$B$130 -> 0 | BO70: =$G70*BM70 -> 0 | BQ70: =BP70*$B$131 -> 0 | BR70: =$G70*BP70 -> 0 | BT70: =BS70*$B$132 -> 0 | BU70: =$G70*BS70 -> 0 | BW70: =BV70*$B$133 -> 0 | BX70: =$G70*BV70 -> 0 | BZ70: =BY70*$B$134 -> 0 | CA70: =$G70*BY70 -> 0 | CC70: =CB70*$B$135 -> 0 | CD70: =$G70*CB70 -> 0 | CF70: =CE70*$B$136 -> 0 | CG70: =$G70*CE70 -> 0 | CI70: =CH70*$B$137 -> 0 | CJ70: =$G70*CH70 -> 0 | CL70: =CK70*$B$138 -> 0 | CM70: =$G70*CK70 -> 0 | CO70: =CN70*$B$139 -> 0 | CP70: =$G70*CN70 -> 0 | CR70: =CQ70*$B$140 -> 0 | CS70: =$G70*CQ70 -> 0 | CU70: =CT70*$B$141 -> 0 | CV70: =$G70*CT70 -> 0 | CX70: =CW70*$B$142 -> 0 | CY70: =$G70*CW70 -> 0 | DA70: =CZ70*$B$143 -> 0 | DB70: =$G70*CZ70 -> 0 | DD70: =DC70*$B$144 -> 0 | DE70: =$G70*DC70 -> 0 | DG70: =DF70*$B$145 -> 0 | DH70: =$G70*DF70 -> 0 | DJ70: =DI70*$B$146 -> 0 | DK70: =$G70*DI70 -> 0 | DM70: =DL70*$B$147 -> 0 | DN70: =$G70*DL70 -> 0 | DP70: =DO70*$B$148 -> 0 | DQ70: =$G70*DO70 -> 0 | DS70: =DR70*$B$149 -> 0 | DT70: =$G70*DR70 -> 0 | DV70: =DU70*$B$150 -> 0 | DW70: =$G70*DU70 -> 0 | DY70: =DX70*$B$151 -> 0 | DZ70: =$G70*DX70 -> 0 | EB70: =EA70*$B$152 -> 0 | EC70: =$G70*EA70 -> 0 | EE70: =ED70*$B$153 -> 0 | EF70: =$G70*ED70 -> 0 | EH70: =EG70*$B$154 -> 0 | EI70: =$G70*EG70 -> 0 | EK70: =EJ70*$B$155 -> 0 | EL70: =$G70*EJ70 -> 0 | EN70: =EM70*$B$156 -> 0 | EO70: =$G70*EM70 -> 0
A71: 66 | B71: W/F Stop | C71: Gallery | D71: GSH 200S/218S/240/250 | E71: 630 | F71: =SUM(I71,L71,O71,BN71,R71,U71,X71,AA71,BZ71,CC71,CF71,AD71,AG71,AJ71,AM71,AP71,AS71,AV71,AY71,BB71,BE71,BH71,BK71,BQ71,BT71,BW71,CI71,CL71,CO71,CR71,CU71,CX71,DA71,DD71,DG71,DJ71,DM71,DP71,DS71,DV71,DY71,EB71,EE71,EH71,EK71,EN71) -> 2 | I71: =H71*$B$111 -> 0 | J71: =$G71*H71 -> 0 | L71: =K71*$B$112 -> 0 | M71: =$G71*K71 -> 0 | O71: =N71*$B$113 -> 0 | P71: =$G71*N71 -> 0 | R71: =Q71*$B$114 -> 0 | S71: =$G71*Q71 -> 0 | U71: =T71*$B$115 -> 0 | V71: =$G71*T71 -> 0 | X71: =W71*$B$116 -> 0 | Y71: =$G71*W71 -> 0 | AA71: =Z71*$B$117 -> 0 | AB71: =$G71*Z71 -> 0 | AD71: =AC71*$B$118 -> 0 | AE71: =$G71*AC71 -> 0 | AG71: =AF71*$B$119 -> 0 | AH71: =$G71*AF71 -> 0 | AJ71: =AI71*$B$120 -> 0 | AK71: =$G71*AI71 -> 0 | AM71: =AL71*$B$121 -> 0 | AN71: =$G71*AL71 -> 0 | AP71: =AO71*$B$122 -> 0 | AQ71: =$G71*AO71 -> 0 | AS71: =AR71*$B$123 -> 0 | AT71: =$G71*AR71 -> 0 | AV71: =AU71*$B$124 -> 0 | AW71: =$G71*AU71 -> 0 | AY71: =AX71*$B$125 -> 0 | AZ71: =$G71*AX71 -> 0 | BB71: =BA71*$B$126 -> 0 | BC71: =$G71*BA71 -> 0 | BE71: =BD71*$B$127 -> 0 | BF71: =$G71*BD71 -> 0 | BH71: =BG71*$B$128 -> 0 | BI71: =$G71*BG71 -> 0 | BJ71: 2 | BK71: =BJ71*$B$129 -> 2 | BL71: =$G71*BJ71 -> 0 | BN71: =BM71*$B$130 -> 0 | BO71: =$G71*BM71 -> 0 | BQ71: =BP71*$B$131 -> 0 | BR71: =$G71*BP71 -> 0 | BT71: =BS71*$B$132 -> 0 | BU71: =$G71*BS71 -> 0 | BW71: =BV71*$B$133 -> 0 | BX71: =$G71*BV71 -> 0 | BZ71: =BY71*$B$134 -> 0 | CA71: =$G71*BY71 -> 0 | CC71: =CB71*$B$135 -> 0 | CD71: =$G71*CB71 -> 0 | CF71: =CE71*$B$136 -> 0 | CG71: =$G71*CE71 -> 0 | CI71: =CH71*$B$137 -> 0 | CJ71: =$G71*CH71 -> 0 | CL71: =CK71*$B$138 -> 0 | CM71: =$G71*CK71 -> 0 | CO71: =CN71*$B$139 -> 0 | CP71: =$G71*CN71 -> 0 | CR71: =CQ71*$B$140 -> 0 | CS71: =$G71*CQ71 -> 0 | CU71: =CT71*$B$141 -> 0 | CV71: =$G71*CT71 -> 0 | CX71: =CW71*$B$142 -> 0 | CY71: =$G71*CW71 -> 0 | DA71: =CZ71*$B$143 -> 0 | DB71: =$G71*CZ71 -> 0 | DD71: =DC71*$B$144 -> 0 | DE71: =$G71*DC71 -> 0 | DG71: =DF71*$B$145 -> 0 | DH71: =$G71*DF71 -> 0 | DJ71: =DI71*$B$146 -> 0 | DK71: =$G71*DI71 -> 0 | DM71: =DL71*$B$147 -> 0 | DN71: =$G71*DL71 -> 0 | DP71: =DO71*$B$148 -> 0 | DQ71: =$G71*DO71 -> 0 | DS71: =DR71*$B$149 -> 0 | DT71: =$G71*DR71 -> 0 | DV71: =DU71*$B$150 -> 0 | DW71: =$G71*DU71 -> 0 | DY71: =DX71*$B$151 -> 0 | DZ71: =$G71*DX71 -> 0 | EB71: =EA71*$B$152 -> 0 | EC71: =$G71*EA71 -> 0 | EE71: =ED71*$B$153 -> 0 | EF71: =$G71*ED71 -> 0 | EH71: =EG71*$B$154 -> 0 | EI71: =$G71*EG71 -> 0 | EK71: =EJ71*$B$155 -> 0 | EL71: =$G71*EJ71 -> 0 | EN71: =EM71*$B$156 -> 0 | EO71: =$G71*EM71 -> 0
A72: 67 | B72: Stretch. Plate | C72: Gallery | D72: GSH 80A-B4E-203mm x width less 25mm | E72: 630 | F72: =SUM(I72,L72,O72,BN72,R72,U72,X72,AA72,BZ72,CC72,CF72,AD72,AG72,AJ72,AM72,AP72,AS72,AV72,AY72,BB72,BE72,BH72,BK72,BQ72,BT72,BW72,CI72,CL72,CO72,CR72,CU72,CX72,DA72,DD72,DG72,DJ72,DM72,DP72,DS72,DV72,DY72,EB72,EE72,EH72,EK72,EN72) -> 2 | I72: =H72*$B$111 -> 0 | J72: =$G72*H72 -> 0 | L72: =K72*$B$112 -> 0 | M72: =$G72*K72 -> 0 | O72: =N72*$B$113 -> 0 | P72: =$G72*N72 -> 0 | R72: =Q72*$B$114 -> 0 | S72: =$G72*Q72 -> 0 | U72: =T72*$B$115 -> 0 | V72: =$G72*T72 -> 0 | X72: =W72*$B$116 -> 0 | Y72: =$G72*W72 -> 0 | AA72: =Z72*$B$117 -> 0 | AB72: =$G72*Z72 -> 0 | AD72: =AC72*$B$118 -> 0 | AE72: =$G72*AC72 -> 0 | AG72: =AF72*$B$119 -> 0 | AH72: =$G72*AF72 -> 0 | AJ72: =AI72*$B$120 -> 0 | AK72: =$G72*AI72 -> 0 | AM72: =AL72*$B$121 -> 0 | AN72: =$G72*AL72 -> 0 | AP72: =AO72*$B$122 -> 0 | AQ72: =$G72*AO72 -> 0 | AS72: =AR72*$B$123 -> 0 | AT72: =$G72*AR72 -> 0 | AV72: =AU72*$B$124 -> 0 | AW72: =$G72*AU72 -> 0 | AY72: =AX72*$B$125 -> 0 | AZ72: =$G72*AX72 -> 0 | BB72: =BA72*$B$126 -> 0 | BC72: =$G72*BA72 -> 0 | BE72: =BD72*$B$127 -> 0 | BF72: =$G72*BD72 -> 0 | BH72: =BG72*$B$128 -> 0 | BI72: =$G72*BG72 -> 0 | BJ72: 2 | BK72: =BJ72*$B$129 -> 2 | BL72: =$G72*BJ72 -> 0 | BN72: =BM72*$B$130 -> 0 | BO72: =$G72*BM72 -> 0 | BQ72: =BP72*$B$131 -> 0 | BR72: =$G72*BP72 -> 0 | BT72: =BS72*$B$132 -> 0 | BU72: =$G72*BS72 -> 0 | BW72: =BV72*$B$133 -> 0 | BX72: =$G72*BV72 -> 0 | BZ72: =BY72*$B$134 -> 0 | CA72: =$G72*BY72 -> 0 | CC72: =CB72*$B$135 -> 0 | CD72: =$G72*CB72 -> 0 | CF72: =CE72*$B$136 -> 0 | CG72: =$G72*CE72 -> 0 | CI72: =CH72*$B$137 -> 0 | CJ72: =$G72*CH72 -> 0 | CL72: =CK72*$B$138 -> 0 | CM72: =$G72*CK72 -> 0 | CO72: =CN72*$B$139 -> 0 | CP72: =$G72*CN72 -> 0 | CR72: =CQ72*$B$140 -> 0 | CS72: =$G72*CQ72 -> 0 | CU72: =CT72*$B$141 -> 0 | CV72: =$G72*CT72 -> 0 | CX72: =CW72*$B$142 -> 0 | CY72: =$G72*CW72 -> 0 | DA72: =CZ72*$B$143 -> 0 | DB72: =$G72*CZ72 -> 0 | DD72: =DC72*$B$144 -> 0 | DE72: =$G72*DC72 -> 0 | DG72: =DF72*$B$145 -> 0 | DH72: =$G72*DF72 -> 0 | DJ72: =DI72*$B$146 -> 0 | DK72: =$G72*DI72 -> 0 | DM72: =DL72*$B$147 -> 0 | DN72: =$G72*DL72 -> 0 | DP72: =DO72*$B$148 -> 0 | DQ72: =$G72*DO72 -> 0 | DS72: =DR72*$B$149 -> 0 | DT72: =$G72*DR72 -> 0 | DV72: =DU72*$B$150 -> 0 | DW72: =$G72*DU72 -> 0 | DY72: =DX72*$B$151 -> 0 | DZ72: =$G72*DX72 -> 0 | EB72: =EA72*$B$152 -> 0 | EC72: =$G72*EA72 -> 0 | EE72: =ED72*$B$153 -> 0 | EF72: =$G72*ED72 -> 0 | EH72: =EG72*$B$154 -> 0 | EI72: =$G72*EG72 -> 0 | EK72: =EJ72*$B$155 -> 0 | EL72: =$G72*EJ72 -> 0 | EN72: =EM72*$B$156 -> 0 | EO72: =$G72*EM72 -> 0
A73: 68 | B73: Kick Plate | C73: Gallery | D73: (11") GSH 80A-B4E-400mm x width less 38mm | F73: =SUM(I73,L73,O73,BN73,R73,U73,X73,AA73,BZ73,CC73,CF73,AD73,AG73,AJ73,AM73,AP73,AS73,AV73,AY73,BB73,BE73,BH73,BK73,BQ73,BT73,BW73,CI73,CL73,CO73,CR73,CU73,CX73,DA73,DD73,DG73,DJ73,DM73,DP73,DS73,DV73,DY73,EB73,EE73,EH73,EK73,EN73) -> 1 | I73: =H73*$B$111 -> 0 | J73: =$G73*H73 -> 0 | L73: =K73*$B$112 -> 0 | M73: =$G73*K73 -> 0 | O73: =N73*$B$113 -> 0 | P73: =$G73*N73 -> 0 | R73: =Q73*$B$114 -> 0 | S73: =$G73*Q73 -> 0 | U73: =T73*$B$115 -> 0 | V73: =$G73*T73 -> 0 | X73: =W73*$B$116 -> 0 | Y73: =$G73*W73 -> 0 | AA73: =Z73*$B$117 -> 0 | AB73: =$G73*Z73 -> 0 | AD73: =AC73*$B$118 -> 0 | AE73: =$G73*AC73 -> 0 | AG73: =AF73*$B$119 -> 0 | AH73: =$G73*AF73 -> 0 | AJ73: =AI73*$B$120 -> 0 | AK73: =$G73*AI73 -> 0 | AM73: =AL73*$B$121 -> 0 | AN73: =$G73*AL73 -> 0 | AP73: =AO73*$B$122 -> 0 | AQ73: =$G73*AO73 -> 0 | AS73: =AR73*$B$123 -> 0 | AT73: =$G73*AR73 -> 0 | AV73: =AU73*$B$124 -> 0 | AW73: =$G73*AU73 -> 0 | AY73: =AX73*$B$125 -> 0 | AZ73: =$G73*AX73 -> 0 | BB73: =BA73*$B$126 -> 0 | BC73: =$G73*BA73 -> 0 | BE73: =BD73*$B$127 -> 0 | BF73: =$G73*BD73 -> 0 | BH73: =BG73*$B$128 -> 0 | BI73: =$G73*BG73 -> 0 | BJ73: 1 | BK73: =BJ73*$B$129 -> 1 | BL73: =$G73*BJ73 -> 0 | BN73: =BM73*$B$130 -> 0 | BO73: =$G73*BM73 -> 0 | BQ73: =BP73*$B$131 -> 0 | BR73: =$G73*BP73 -> 0 | BT73: =BS73*$B$132 -> 0 | BU73: =$G73*BS73 -> 0 | BW73: =BV73*$B$133 -> 0 | BX73: =$G73*BV73 -> 0 | BZ73: =BY73*$B$134 -> 0 | CA73: =$G73*BY73 -> 0 | CC73: =CB73*$B$135 -> 0 | CD73: =$G73*CB73 -> 0 | CF73: =CE73*$B$136 -> 0 | CG73: =$G73*CE73 -> 0 | CI73: =CH73*$B$137 -> 0 | CJ73: =$G73*CH73 -> 0 | CL73: =CK73*$B$138 -> 0 | CM73: =$G73*CK73 -> 0 | CO73: =CN73*$B$139 -> 0 | CP73: =$G73*CN73 -> 0 | CR73: =CQ73*$B$140 -> 0 | CS73: =$G73*CQ73 -> 0 | CU73: =CT73*$B$141 -> 0 | CV73: =$G73*CT73 -> 0 | CX73: =CW73*$B$142 -> 0 | CY73: =$G73*CW73 -> 0 | DA73: =CZ73*$B$143 -> 0 | DB73: =$G73*CZ73 -> 0 | DD73: =DC73*$B$144 -> 0 | DE73: =$G73*DC73 -> 0 | DG73: =DF73*$B$145 -> 0 | DH73: =$G73*DF73 -> 0 | DJ73: =DI73*$B$146 -> 0 | DK73: =$G73*DI73 -> 0 | DM73: =DL73*$B$147 -> 0 | DN73: =$G73*DL73 -> 0 | DP73: =DO73*$B$148 -> 0 | DQ73: =$G73*DO73 -> 0 | DS73: =DR73*$B$149 -> 0 | DT73: =$G73*DR73 -> 0 | DV73: =DU73*$B$150 -> 0 | DW73: =$G73*DU73 -> 0 | DY73: =DX73*$B$151 -> 0 | DZ73: =$G73*DX73 -> 0 | EB73: =EA73*$B$152 -> 0 | EC73: =$G73*EA73 -> 0 | EE73: =ED73*$B$153 -> 0 | EF73: =$G73*ED73 -> 0 | EH73: =EG73*$B$154 -> 0 | EI73: =$G73*EG73 -> 0 | EK73: =EJ73*$B$155 -> 0 | EL73: =$G73*EJ73 -> 0 | EN73: =EM73*$B$156 -> 0 | EO73: =$G73*EM73 -> 0
